Workbook
Name acreft: '13. Conversions'!$A$20
Name cubicft: '13. Conversions'!$A$19
Name cubicm: '13. Conversions'!$A$16
Name day: '13. Conversions'!$A$5
Name gal: '13. Conversions'!$A$18
Name hr: '13. Conversions'!$A$6
Name kg: '13. Conversions'!$A$13
Name lce: '13. Conversions'!$A$24
Name lhe: '13. Conversions'!$A$26
Name li: '13. Conversions'!$A$23
Name li2o: '13. Conversions'!$A$25
Name liter: '13. Conversions'!$A$17
Name min: '13. Conversions'!$A$7
Name sec: '13. Conversions'!$A$8
Name ston: '13. Conversions'!$A$12
Name ton: '13. Conversions'!$A$11
Name yr: '13. Conversions'!$A$4

Sheet 1. Introduction & Notes
A3: This is the Supporting Information for "Future U.S. lithium production with water and socioeconomic-climate considerations"
A14: Table S1A. Watershed Names, Acronyms, and HUC8 IDs
A16: Name | B16: States | C16: Acronym | D16: HUC8
A17: Ralston-Stone Cabin Valleys | B17: NV | C17: RSCV | D17: 16060011
A18: Burro | B18: AZ | C18: BUR | D18: 15030202
A19: Big Sandy | B19: AZ | C19: BS | D19: 15030201
A20: Salton Sea | B20: CA, MX | C20: SS | D20: 18100204
A21: Cactus-Sarcobatus Flats | B21: NV | C21: CSF | D21: 16060013
A22: Southern Big Smoky Valley | B22: NV | C22: SBSV | D22: 16060003
A23: Upper Broad | B23: NC | C23: UB | D23: 3050105
A24: Upper Quinn | B24: NV, OR | C24: UQ | D24: 16040201
A25: Upper Colorado-Kane Springs | B25: UT | C25: UCKS | D25: 14030005
A26: South Fork Catawba | B26: NC | C26: SFC | D26: 3050102
A27: Fish Lake-Soda Spring Valleys | B27: NV | C27: FLSSV | D27: 16060010
A28: Bodcau Bayou | B28: AR, LA | C28: BB | D28: 11140205

Sheet 2. Lithium Content in Resources
A2: Table S2A. Lithium content in brine resources from literature
A3: Authors | B3: Date | C3: Geography | D3: Country | E3: Resource | F3: Lithium Content | G3: Unit | H3: Notes
A4: Schomberg et al | B4: 2021 | C4: Salar de Atacama | D4: Chile | E4: Concentrated brine | F4: 6.7 | G4: % | H4: Ecoinvent value
C5: Salar de Uyuni | D5: Bolivia | E5: Concentrated brine | F5: 6.7 | G5: % | H5: Ecoinvent value
C6: Salar de Hombre Muerto | D6: Argentina | E6: Concentrated brine | F6: 6.7 | G6: % | H6: Ecoinvent value
A7: Kelly et al. | B7: 2021 | C7: Salar de Atacama | D7: Chile | E7: Raw brine | F7: 0.17 | G7: %
E8: Concentrated brine | F8: 6 | G8: %
A9: Chordia et al. | B9: 2022 | C9: Salar de Cauchari | D9: Argentina | E9: Raw brine | F9: 0.05 | G9: %
E10: Concentrated brine | F10: 4.3 | G10: %
C11: Salar de Marcunga | D11: Chile | E11: Raw brine | F11: 0.09 | G11: %
E12: Concentrated brine | F12: 0.9 | G12: %
A13: Schenker et al. | B13: 2022 | C13: Salar de Atacama | D13: Chile | E13: Raw brine | F13: 0.15 | G13: % | H13: Data from 2004
E14: Concentrated brine | F14: 6 | G14: % | H14: Data from 2004
C15: Salar de Olaroz | D15: Argentina | E15: Raw brine | F15: 0.06 | G15: %
E16: Concentrated brine | F16: 1.2 | G16: %
C17: Salar de Cauchari-Olaroz | D17: Argentina | E17: Raw brine | F17: 0.05 | G17: %
E18: Concentrated brine | F18: 4 | G18: %
C19: Salar del Hombre Muerto | D19: Argentina | E19: Raw brine | F19: 0.07 | G19: %
E20: Concentrated brine | F20: 4 | G20: %
C21: Chaerhan salt lake | D21: China | E21: Raw brine | F21: 0.022 | G21: %
A22: Schenker and Pfister | B22: 2025 | C22: Salar de Atacama | D22: Chile | E22: Raw brine | F22: 0.15 | G22: %
C23: Tres Quebradas | D23: Argentina | E23: Raw brine | F23: 0.1 | G23: %
C24: Salar de Maricunga | D24: Chile | E24: Raw brine | F24: 0.09 | G24: %
C25: Sal de Vida | D25: Argentina | E25: Raw brine | F25: 0.08 | G25: %
C26: Salar de Hombre Muerto North | D26: Argentina | E26: Raw brine | F26: 0.07 | G26: %
C27: Salar de Cauchari-Olaroz | D27: Argentina | E27: Raw brine | F27: 0.05 | G27: %
C28: Pastos Grandes | D28: Argentina | E28: Raw brine | F28: 0.04 | G28: %
C29: Salar de Olaroz | D29: Argentina | E29: Raw brine | F29: 0.06 | G29: %
C30: Silver Peak | D30: USA | E30: Raw brine | F30: 0.02 | G30: %
C31: Salar de Uyuni | D31: Bolivia | E31: Raw brine | F31: 0.07 | G31: %
C32: Fénix | D32: Argentina | E32: Raw brine | F32: 0.07 | G32: %
C33: Rio Grande | D33: Argentina | E33: Raw brine | F33: 0.03 | G33: %
C34: Centenario | D34: Argentina | E34: Raw brine | F34: 0.03 | G34: %
... C46: Salton Sea | D46: USA | E46: Raw brine | F46: 0.02 | G46: %
A47: Mas-Fons et al. | B47: 2024 | C47: Salar de Atacama | D47: Chile | E47: Raw brine | F47: 0.1048 | G47: % | H47: High grade
E48: Raw brine | F48: 0.0347 | G48: % | H48: Medium grade
E49: Raw brine | F49: 0.0038 | G49: % | H49: Low grade
A53: Table S2B. Lithium content in hard-rock resources from literature
A54: Authors | B54: Date | C54: Geography | D54: Country | E54: Resource | F54: Lithium Content | G54: Unit | H54: Notes
A55: Kelly et al. | B55: 2021 | C55: Western Australia | D55: Australia | E55: Spodumene ore | F55: 0.8 | G55: % | H55: Li2O content
E56: Spodumene concentrate | F56: 6 | G56: % | H56: Li2O content
A57: Chordia et al. | B57: 2022 | C57: Whabouchi | D57: Canada | E57: Spodumene ore | F57: 0.7 | G57: %
E58: Spodumene concentrate | F58: 2.9 | G58: %
C59: Central Ostrobothnia | D59: Finland | E59: Spodumene ore | F59: 0.6 | G59: %
E60: Spodumene concentrate | F60: 2.4 | G60: %
A61: Mas-Fons et al. | B61: 2024 | C61: Greenbushes | D61: Australia | E61: Spodumene ore | F61: 1.685 | G61: % | H61: High grade
E62: Spodumene ore | F62: 0.7605 | G62: % | H62: Medium grade
E63: Spodumene ore | F63: 0.3008 | G63: % | H63: Low grade
A65: Table S2C. Lithium content in sedimentary resources from literature
A66: Authors | B66: Date | C66: Geography | D66: Country | E66: Resource | F66: Lithium Content | G66: Unit | H66: Notes
A67: Roy et al. | B67: 2024 | C67: Nevada, McDermitt Caldera | D67: USA | E67: Clay (hectorite) | F67: 1.2 | G67: % | H67: Li2O content (0.557% Li content)
C68: Nevada, Rhyolite Ridge | D68: USA | E68: Sediment-contained (searlesite) | F68: 0.327 | G68: % | H68: 3270 ppm Li
A69: Khakmardan et al. | B69: 2024 | C69: Sonora | D69: Mexico | E69: Clay (hectorite) | F69: 0.35 | G69: %
C70: Falchani | D70: Peru | E70: Sedimentary-contained (tuff) | F70: 0.33 | G70: %
C71: Nevada, McDermitt Caldera, Thacker Pass | D71: USA | E71: Clay (smectite) | F71: 0.3 | G71: % | H71: Average of 2000-4000 ppm
E72: Clay (illite) | F72: 0.65 | G72: % | H72: Average of 4000-9000 ppm
A73: Mousavinezhad et al. | B73: 2025 | C73: Nevada, not specified | D73: USA | E73: Clay (hectorite, smectite) | F73: 0.2 | G73: % | H73: Average of 1000 - 3000 ppm
A75: Table S2D. Lithium content in proposed mines (see also Table S4A)
C76: Lithium Content/Grade (%, except when noted)
A77: Proposed Site Name | B77: Deposit Type | C77: Measured | D77: Indicated | E77: Measured & Indicated | F77: Inferred | G77: Source | H77: Notes
A78: Angel Island | B78: Clay | C78: ='4. Proposed Mine LOM & Resource'!M5/1000 -> 0.99 | D78: ='4. Proposed Mine LOM & Resource'!N5/1000 -> 0.891 | E78: ='4. Proposed Mine LOM & Resource'!O5/1000 -> 0.966 | F78: ='4. Proposed Mine LOM & Resource'!P5/1000 -> 0.82 | G78: Feasibility Report 2024
A79: Basin | B79: Clay | C79: ='4. Proposed Mine LOM & Resource'!M6/1000 -> 0.929 | D79: ='4. Proposed Mine LOM & Resource'!N6/1000 -> 0.86 | F79: ='4. Proposed Mine LOM & Resource'!P6/1000 -> 0.81 | G79: Technical Report 2024
A80: Big Sandy | B80: Sediment-contained | D80: ='4. Proposed Mine LOM & Resource'!N7/1000 -> 1.94 | F80: ='4. Proposed Mine LOM & Resource'!P7/1000 -> 0.178 | G80: Arizona Lithium website
A81: Bonnie Claire Open Pit | B81: Sediment-contained | D81: ='4. Proposed Mine LOM & Resource'!N9/1000 -> 1.074 | F81: ='4. Proposed Mine LOM & Resource'!P9/1000 -> 1.106 | G81: Technical Report 2024
A82: Bonnie Claire Borehole | B82: Sediment-contained | D82: ='4. Proposed Mine LOM & Resource'!N10/1000 -> 3.519 | F82: ='4. Proposed Mine LOM & Resource'!P10/1000 -> 3.085 | G82: Technical Report 2024
A83: Clayton Northeast (Pure Energy Minerals) | B83: Brine | F83: ='4. Proposed Mine LOM & Resource'!P11/1000 -> 0.123 | G83: Preliminary Economic Assessment 2018
A84: Clayton Ridge | B84: Clay | E84: ='4. Proposed Mine LOM & Resource'!O12/1000 -> 1 | G84: Authium website
A85: Horizon | B85: Clay | D85: ='4. Proposed Mine LOM & Resource'!N14/1000 -> 0.669 | E85: ='4. Proposed Mine LOM & Resource'!O14/1000 -> 0 | F85: ='4. Proposed Mine LOM & Resource'!P14/1000 -> 0.68 | G85: Technical Report 2024
A86: Kings Mountain | B86: Hardrock | D86: ='4. Proposed Mine LOM & Resource'!N15 -> 1.37 | E86: ='4. Proposed Mine LOM & Resource'!O15 -> 1.37 | F86: ='4. Proposed Mine LOM & Resource'!P15 -> 1.1 | G86: Albemarle Resource Estimate 2021 | H86: Li2O content
A87: Lithium Nevada (Thacker Pass) | B87: Sediment-contained | C87: ='4. Proposed Mine LOM & Resource'!M16/1000 -> 2.45 | D87: ='4. Proposed Mine LOM & Resource'!N16/1000 -> 1.85 | E87: ='4. Proposed Mine LOM & Resource'!O16/1000 -> 2.07 | F87: ='4. Proposed Mine LOM & Resource'!P16/1000 -> 1.87 | G87: Feasibility Report 2022
A88: Lone Mountain | B88: Clay | D88: ='4. Proposed Mine LOM & Resource'!N17/1000 -> 0.774 | E88: ='4. Proposed Mine LOM & Resource'!O17/1000 -> 0.789 | F88: ='4. Proposed Mine LOM & Resource'!P17/1000 -> 0.783 | G88: Austroid website
A89: McDermitt JLL | B89: Clay | D89: ='4. Proposed Mine LOM & Resource'!N18/1000 -> 1.42 | F89: ='4. Proposed Mine LOM & Resource'!P18/1000 -> 1.27 | G89: Prefeasbility Study 2024
A90: McGee | B90: Clay | D90: ='4. Proposed Mine LOM & Resource'!N19/1000 -> 0.803 | F90: ='4. Proposed Mine LOM & Resource'!P19/1000 -> 0.865 | G90: Technical Report 2022
A91: Paradox | B91: Oil-field brine | D91: ='4. Proposed Mine LOM & Resource'!N20/1000 -> 0.123 | F91: ='4. Proposed Mine LOM & Resource'!P20/1000 -> 0.109 | G91: Anson Resources website
A92: Piedmont Carolina | B92: Hardrock | D92: ='4. Proposed Mine LOM & Resource'!N21 -> 1.11 | F92: ='4. Proposed Mine LOM & Resource'!P21 -> 1.02 | G92: Technical Report 2021 | H92: Li2O content
A93: Rhyolite Ridge | B93: Clay | C93: ='4. Proposed Mine LOM & Resource'!M22/1000 -> 1.7373333 | D93: ='4. Proposed Mine LOM & Resource'!N22/1000 -> 1.6196667 | E93: ='4. Proposed Mine LOM & Resource'!O22/1000 -> 1.6785 | F93: ='4. Proposed Mine LOM & Resource'!P22/1000 -> 1.5306667 | G93: Technical Report 2021
A94: Silver Peak | B94: Brine | C94: ='4. Proposed Mine LOM & Resource'!M23/1000 -> 0.153 | D94: ='4. Proposed Mine LOM & Resource'!N23/1000 -> 0.144 | E94: ='4. Proposed Mine LOM & Resource'!O23/1000 -> 0.146 | F94: ='4. Proposed Mine LOM & Resource'!P23/1000 -> 0.121 | G94: Technical Report 2023
A95: South West Arkansas | B95: Oil-field brine | D95: ='4. Proposed Mine LOM & Resource'!N24/1000 -> 4.46 | F95: ='4. Proposed Mine LOM & Resource'!P24/1000 -> 4.05 | G95: Prefeasbility Study 2023
A96: TLC | B96: Clay | C96: ='4. Proposed Mine LOM & Resource'!M25/1000 -> 0.932 | D96: ='4. Proposed Mine LOM & Resource'!N25/1000 -> 0.898 | E96: ='4. Proposed Mine LOM & Resource'!O25/1000 -> 0.919 | F96: ='4. Proposed Mine LOM & Resource'!P25/1000 -> 0.912 | G96: Preliminary Economic Assessment 2023
A97: Tonopah Flats | B97: Clay | C97: ='4. Proposed Mine LOM & Resource'!M26/1000 -> 0.72 | D97: ='4. Proposed Mine LOM & Resource'!N26/1000 -> 0.565 | E97: ='4. Proposed Mine LOM & Resource'!O26/1000 -> 0.596 | F97: ='4. Proposed Mine LOM & Resource'!P26/1000 -> 0.55 | G97: Resource Estimate 2024
A98: West Tonopah | B98: Clay | C98: ='4. Proposed Mine LOM & Resource'!M27/1000 -> 0.609 | F98: ='4. Proposed Mine LOM & Resource'!P27/1000 -> 0.709 | G98: Technical Report 2023
A99: Zeus | B99: Clay | C99: ='4. Proposed Mine LOM & Resource'!M28/1000 -> 0.86 | D99: ='4. Proposed Mine LOM & Resource'!N28/1000 -> 0.957 | F99: ='4. Proposed Mine LOM & Resource'!P28/1000 -> 0.861 | G99: Technical Report 2024

Sheet 3. Literature LCI Values
A2: Table S3A. Life Cycle Inventory (LCI) water consumption data from literature for brine resources to lithium carbonate equivalent (LCE)
A3: Title | B3: Authors | C3: Date | D3: Geography | E3: Country | F3: Extraction Process | G3: Input | H3: Input value | I3: Input unit | J3: Functional unit | K3: Notes
A4: Extended life cycle assessment reveals the spatially-explicit water scarcity footprint of a lithium-ion battery storage | B4: Schomberg et al | C4: 2021 | D4: Salar de Atacama | E4: Chile | F4: Evaporation | G4: Concentrated brine | H4: 4.19 | I4: kg | J4: kg LCE
G5: Evaporated water | H5: 40.5089 | I5: kg | J5: kg concentrated brine
H6: =H5*H4 -> 169.73229 | I6: kg | J6: kg LCE | K6: Calculated
G7: Freshwater consumption processing | H7: 0.414 | I7: kg | J7: kg concentrated brine
H8: =H7*H4 -> 1.73466 | I8: kg | J8: kg LCE | K8: Calculated
G9: Total direct water consumption | H9: =SUM(H8,H6) -> 171.46695 | I9: kg | J9: kg LCE
D10: Salar de Uyuni | E10: Bolivia | F10: Evaporation | G10: Raw brine | H10: 0.06667 | I10: kg | J10: kg LCE
G11: Concentrated brine | H11: =H10 -> 0.06667 | I11: kg | J11: kg LCE
G12: Evaporated water | H12: 163.6605 | I12: kg | J12: kg concentrated brine
H13: =H12*H11 -> 10.911246 | I13: kg | J13: kg LCE | K13: Calculated
G14: Freshwater consumption processing | H14: 0.1646 | I14: kg | J14: kg concentrated brine
H15: =H14*H11 -> 0.010973882 | I15: kg | J15: kg LCE | K15: Calculated
G16: Total direct water consumption | H16: =SUM(H15,H13) -> 10.922219 | I16: kg | J16: kg LCE
D17: Salar de Hombre Muerto | E17: Argentina | F17: Evaporation | G17: Raw brine | H17: 0.06667 | I17: kg | J17: kg LCE
G18: Concentrated brine | H18: =H17 -> 0.06667 | I18: kg | J18: kg LCE
G19: Evaporated water | H19: 98.215 | I19: kg | J19: kg concentrated brine
H20: =H19*H18 -> 6.547994 | I20: kg | J20: kg LCE | K20: Calculated
G21: Freshwater consumption processing | H21: 0.0991 | I21: kg | J21: kg concentrated brine
H22: =H21*H18 -> 0.006606997 | I22: kg | J22: kg LCE | K22: Calculated
G23: Total direct water consumption | H23: =SUM(H22,H20) -> 6.554601 | I23: kg | J23: kg LCE
A24: Energy, greenhouse gas, and water life cycle analysis of lithium carbonate and lithium hydroxide monohydrate from brine and ore resources and their use in lithium ion battery cathodes and lithium ion batteries | B24: Kelly et al. | C24: 2021 | D24: Salar de Atacama | E24: Chile | F24: Evaporation | G24: Raw brine | H24: 24.1 | I24: t | J24: t concentrated brine
H25: 96.4 | I25: t | J25: t LCE
G26: Freshwater consumption processing | H26: 2.4 | I26: m3 | J26: t concentrated brine | K26: Mass allocation value
H27: =H26/H24*H25 -> 9.6 | I27: m3 | J27: t LCE | K27: Calculated
H28: =H27*1000 -> 9600 | I28: kg | J28: t LCE | K28: Assume water density 1000 kg/m3
G29: Evaporated water | H29: 0 | I29: m3 | J29: t LCE | K29: Assume that brine is not freshwater and therefore no consumptive loss from evaporation
G30: Total direct water consumption | H30: =SUM(H29,H27) -> 9.6 | I30: m3 | J30: t LCE
H31: =H30 -> 9.6 | I31: kg | J31: kg LCE | K31: Assume water density 1000 kg/m3
A32: Life cycle environmental impacts of current and future battery-grade lithium supply from brine and spodumene | B32: Chordia et al. | C32: 2022 | D32: Salar de Cauchari | E32: Argentina | F32: Evaporation | G32: Concentrated brine | H32: 5.15 | I32: t | J32: t LCE
G33: Evaporated water | H33: 87.6 | I33: t | J33: t concentrated brine
H34: =H33*H32 -> 451.14 | I34: t | J34: t LCE
H35: =H34 -> 451.14 | I35: m3 | J35: t LCE | K35: Assume water density 1000 kg/m3
G36: Freshwater consumption processing | H36: 0 | I36: m3 | J36: t LCE
G37: Total direct water consumption | H37: =SUM(H36,H35) -> 451.14 | I37: m3 | J37: t LCE
H38: =H37 -> 451.14 | I38: kg | J38: kg LCE | K38: Assume water density 1000 kg/m3
D39: Salar de Maricunga | E39: Chile | F39: Evaporation | G39: Concentrated brine | H39: 36.9 | I39: t | J39: t LCE
G40: Evaporated water | H40: 7.14 | I40: t | J40: t concentrated brine
H41: =H40*H39 -> 263.466 | I41: t | J41: t LCE
H42: =H41 -> 263.466 | I42: m3 | J42: t LCE | K42: Assume water density 1000 kg/m3
G43: Freshwater consumption processing | H43: 0 | I43: m3 | J43: t LCE
G44: Total direct water consumption | H44: =SUM(H43,H42) -> 263.466 | I44: m3 | J44: t LCE
H45: =H44 -> 263.466 | I45: kg | J45: kg LCE | K45: Assume water density 1000 kg/m3
A46: Regionalized life cycle assessment of present and future lithium production for Li-ion batteries | B46: Schenker et al. | C46: 2022 | D46: Salar de Atacama | E46: Chile | F46: Evaporation | G46: Total direct water consumption | H46: 38 | I46: kg | J46: kg LCE
D47: Salar de Olaroz | E47: Argentina | F47: Evaporation | G47: Total direct water consumption | H47: 219 | I47: kg | J47: kg LCE
D48: Salar de Cauchari-Olaroz | E48: Argentina | F48: Evaporation | G48: Total direct water consumption | H48: 46 | I48: kg | J48: kg LCE
D49: Salar del Hombre Muerto | E49: Argentina | F49: Evaporation | G49: Total direct water consumption | H49: 43 | I49: kg | J49: kg LCE
D50: Chaerhan salt lake | E50: China | F50: Evaporation | G50: Total direct water consumption | H50: 474 | I50: kg | J50: kg LCE
A51: Current and Future Impacts of Lithium Carbonate from Brines: A Global Regionalized Life Cycle Assessment Model | B51: Schenker and Pfister | C51: 2025 | D51: Salar de Atacama | E51: Chile | F51: Evaporation | G51: Total direct water consumption | H51: 47 | I51: kg | J51: kg LCE
D52: Tres Quebradas | E52: Argentina | F52: Evaporation | G52: Total direct water consumption | H52: 53 | I52: kg | J52: kg LCE | K52: Construction started
D53: Salar de Maricunga | E53: Chile | F53: Evaporation | G53: Total direct water consumption | H53: 200 | I53: kg | J53: kg LCE | K53: Late stage exploration
D54: Sal de Vida | E54: Argentina | F54: Evaporation | G54: Total direct water consumption | H54: 33 | I54: kg | J54: kg LCE | K54: Construction started
D55: Salar de Hombre Muerto North | E55: Argentina | F55: Evaporation | G55: Total direct water consumption | H55: 61 | I55: kg | J55: kg LCE | K55: Prefeasibility
D56: Salar de Cauchari-Olaroz | E56: Argentina | F56: Evaporation | G56: Total direct water consumption | H56: 56 | I56: kg | J56: kg LCE
D57: Pastos Grandes | E57: Argentina | F57: Evaporation | G57: Total direct water consumption | H57: 85 | I57: kg | J57: kg LCE | K57: Late stage exploration
D58: Salar de Olaroz | E58: Argentina | F58: Evaporation | G58: Total direct water consumption | H58: 128 | I58: kg | J58: kg LCE
D59: Silver Peak | E59: USA | F59: Evaporation | G59: Total direct water consumption | H59: 67 | I59: kg | J59: kg LCE
A60: Carbon footprint and water inventory of the production of lithium in the Atacama Salt Flat, Chile | B60: Lagos et al. | C60: 2024 | D60: Salar de Atacama | E60: Chile | F60: Evaporation | G60: Total direct water consumption | H60: 12279 | I60: L | J60: t LCE
H61: =H60*(cubicm/liter) -> 12.279 | I61: kg | J61: kg LCE
A62: Carbon and water footprint of battery-grade lithium from brine and spodumene: A simulation-based LCA | B62: Mas-Fons et al. | C62: 2024 | D62: Salar de Atacama | E62: Chile | F62: Evaporation | G62: Total direct water consumption | H62: 154.1 | I62: kg | J62: kg LCE | K62: Modeled, high grade brine
G63: Total direct water consumption | H63: 447.22 | I63: kg | J63: kg LCE | K63: Modeled, medium grade brine
G64: Total direct water consumption | H64: 47.02 | I64: kg | J64: kg LCE | K64: Modeled, low grade brine
A65: Water footprint of battery-grade lithium production in the Salar de Atacama, Chile | B65: Marinova et al. | C65: 2025 | D65: Salar de Atacama | E65: Chile | F65: Evaporation | G65: Groundwater | H65: 4.5 | I65: m3 | J65: t LCE
G66: Desalinated water | H66: 7.5 | I66: m3 | J66: t LCE
G67: Total direct water consumption | H67: =SUM(H66,H65) -> 12 | I67: m3 | J67: t LCE
H68: =H67 -> 12 | I68: kg | J68: kg LCE | K68: Assume water density 1000 kg/m3
A69: Environmental impact of direct lithium extraction from brines | B69: Vera et al. | C69: 2023 | D69: East Tajinar Salt Lake | E69: China | F69: Direct lithium extraction (Liquid-liquid) | G69: Freshwater requirement | H69: 29.6 | I69: m3 | J69: t LCE
D70: South America | E70: Not specified | F70: Direct lithium extraction (Liquid-liquid) | G70: Freshwater requirement | H70: 188.62 | I70: m3 | J70: t LCE
D71: West Taijinar | E71: China | F71: Direct lithium extraction (Liquid-liquid) | G71: Freshwater requirement | H71: 0.08 | I71: m3 | J71: t LCE
D72: Geothermal Plant in Tibet | E72: China | F72: Direct lithium extraction (Ion exchange resins) | G72: Freshwater requirement | H72: 8.2 | I72: m3 | J72: t LCE | K72: Geothermal brine, DLE only (excluded from Figure 1)
D73: Qaidam Basin | E73: China | F73: Direct lithium extraction (Ion exchange resins) | G73: Freshwater requirement | H73: 18787 | I73: m3 | J73: t LCE | K73: Outlier. Excluded from model
D74: Geothermal Plant in Tibet | E74: China | F74: Direct lithium extraction (Ion exchange resins) | G74: Freshwater requirement | H74: 0.11 | I74: m3 | J74: t LCE | K74: Geothermal brine, DLE only (excluded from Figure 1)
D75: Geothermal Plant in Tibet | E75: China | F75: Direct lithium extraction (Ion exchange resins) | G75: Freshwater requirement | H75: 2.4 | I75: m3 | J75: t LCE | K75: Geothermal brine, DLE only (excluded from Figure 1)
D76: Olaroz | E76: Argentina | F76: Direct lithium extraction (Ion-pumping) | G76: Freshwater requirement | H76: 41.4 | I76: m3 | J76: t LCE
D77: Hombre Muerto | E77: Argentina | F77: Direct lithium extraction (Ion-pumping) | G77: Freshwater requirement | H77: 757.5 | I77: m3 | J77: t LCE
A78: The water footprint of lithium extraction technologies: Insights from environmental impact reports in Argentina's salt flats | B78: Díaz Paz et al. | C78: 2025 | D78: Fénix | E78: Argentina | F78: Direct lithium extraction (Adsorption) | G78: Freshwater requirement | H78: 135.5 | I78: m3 | J78: t LCE
A79: Current and Future Impacts of Lithium Carbonate from Brines: A Global Regionalized Life Cycle Assessment Model | B79: Schenker and Pfister | C79: 2025 | D79: Salar de Uyuni | E79: Bolivia | F79: Direct lithium extraction (Adsorption) | G79: Total direct water consumption | H79: 336 | I79: kg | J79: kg LCE
D80: Fénix | E80: Argentina | F80: Direct lithium extraction (Adsorption) | G80: Total direct water consumption | H80: 247 | I80: kg | J80: kg LCE
D81: Rio Grande | E81: Argentina | F81: Direct lithium extraction (Adsorption) | G81: Total direct water consumption | H81: 261 | I81: kg | J81: kg LCE | K81: Early stage exploration
D82: Centenario | E82: Argentina | F82: Direct lithium extraction (Adsorption) | G82: Total direct water consumption | H82: 265 | I82: kg | J82: kg LCE | K82: Late stage exploration
D83: Rincón | E83: Argentina | F83: Direct lithium extraction (Adsorption) | G83: Total direct water consumption | H83: 269 | I83: kg | J83: kg LCE | K83: Early stage exploration
D84: Tolillar | E84: Argentina | F84: Direct lithium extraction (Adsorption) | G84: Total direct water consumption | H84: 269 | I84: kg | J84: kg LCE | K84: Early stage exploration
D85: Arizaro | E85: Argentina | F85: Direct lithium extraction (Adsorption) | G85: Total direct water consumption | H85: 324 | I85: kg | J85: kg LCE | K85: Early stage exploration
D86: Antofalla | E86: Argentina | F86: Direct lithium extraction (Adsorption) | G86: Total direct water consumption | H86: 252 | I86: kg | J86: kg LCE | K86: Early stage exploration
D87: Salinas Grandes | E87: Argentina | F87: Direct lithium extraction (Adsorption) | G87: Total direct water consumption | H87: 272 | I87: kg | J87: kg LCE | K87: Late stage exploration
D88: Kachi | E88: Argentina | F88: Direct lithium extraction (Adsorption) | G88: Total direct water consumption | H88: 304 | I88: kg | J88: kg LCE | K88: Early stage exploration
D89: Los Angeles | E89: Argentina | F89: Direct lithium extraction (Adsorption) | G89: Total direct water consumption | H89: 281 | I89: kg | J89: kg LCE
D90: Pozuelos | E90: Argentina | F90: Direct lithium extraction (Adsorption) | G90: Total direct water consumption | H90: 328 | I90: kg | J90: kg LCE | K90: Early stage exploration
D91: Chaerhan | E91: China | F91: Direct lithium extraction (Adsorption) | G91: Total direct water consumption | H91: 212 | I91: kg | J91: kg LCE
D92: Qinghai Yiliping | E92: China | F92: Direct lithium extraction (Adsorption) | G92: Total direct water consumption | H92: 212 | I92: kg | J92: kg LCE | K92: Early stage exploration
D93: Upper Rhine Graben | E93: Germany | F93: Direct lithium extraction (Adsorption) | G93: Total direct water consumption | H93: 356 | I93: kg | J93: kg LCE | K93: Geothermal brine, late stage exploration
D94: Salton Sea | E94: USA | F94: Direct lithium extraction (Adsorption) | G94: Total direct water consumption | H94: 357 | I94: kg | J94: kg LCE | K94: Geothermal brine, late stage exploration
A98: Table S3B. Life Cycle Inventory (LCI) water consumption data from literature for brine resources of lithium carbonate equivalent (LCE) to lithium hydroxide equivalent (LHE)
A99: Title | B99: Authors | C99: Date | D99: Geography | E99: Country | F99: Extraction Process | G99: Input | H99: Input value | I99: Input unit | J99: Functional unit | K99: Notes
A100: Energy, greenhouse gas, and water life cycle analysis of lithium carbonate and lithium hydroxide monohydrate from brine and ore resources and their use in lithium ion battery cathodes and lithium ion batteries | B100: Kelly et al. | C100: 2021 | D100: Salar de Atacama | E100: Chile | F100: Evaporation | G100: Lithium carbonate | H100: 1.05 | I100: t | J100: t LHE
G101: Freshwater consumption processing | H101: 0.5 | I101: m3 | J101: t LHE
G102: Total direct water consumption | H102: =H101 -> 0.5 | I102: m3 | J102: t LHE
H103: =H102 -> 0.5 | I103: kg | J103: kg LHE | K103: Assume water density 1000 kg/m3
A104: Life cycle environmental impacts of current and future battery-grade lithium supply from brine and spodumene | B104: Chordia et al. | C104: 2022 | D104: Salar de Cauchari | E104: Argentina | F104: Evaporation | G104: Lithium carbonate | H104: 1.05 | I104: t | J104: t LHE
...

Sheet 4. Proposed Mine LOM & Resource
A2: Table S4A. Proposed Mine Geographic Location, Stage, Deposit and Mine Types, and Ore and Product Reserves and Resources
I3: Ore/Brine Resources (Mt) | M3: Lithium Content/Grade (ppm, except when noted) | Q3: Product Resources (Mt) | W3: Ore/Brine Reserves (Mt) | Z3: Lithium Content/Grade (ppm, expect when noted) | AC3: Product Reserves (Mt)
A4: Proposed Site Name | B4: State | C4: Latitude | D4: Longitude | E4: Stage | F4: Deposit Type | G4: Mine Type | H4: Extraction Process | I4: Measured | J4: Indicated | K4: Measured & Indicated | L4: Inferred | M4: Measured | N4: Indicated | O4: Measured & Indicated | P4: Inferred | Q4: Product | R4: Measured | S4: Indicated | T4: Measured & Indicated | U4: Inferred | V4: Total | W4: Proven | X4: Probable | Y4: Total | Z4: Proven | AA4: Probable | AB4: Total | AC4: Proven | AD4: Probable | AE4: Total | AF4: Source(s) | AH4: Notes
A5: Angel Island | B5: Nevada | C5: 37.7434 | D5: -117.52684 | E5: Feasibility Complete | F5: Clay | G5: Open pit | H5: Direct lithium extraction | I5: 858.26 | J5: 280.33 | K5: =SUM(I5:J5) -> 1138.59 | L5: 187.28 | M5: 990 | N5: 891 | O5: 966 | P5: 820 | Q5: LCE | R5: 4.53 | S5: 1.329 | T5: =SUM(R5:S5) -> 5.859 | U5: 0.817 | V5: =SUM(R5,S5,U5) -> 6.676 | W5: 266.39 | X5: 21.26 | Y5: =SUM(W5:X5) -> 287.65 | Z5: 1147 | AA5: 1174 | AB5: 1149 | AC5: 1.626 | AD5: 0.133 | AE5: =SUM(AC5:AD5) -> 1.759 | AF5: Feasibility Report 2024
A6: Basin | B6: Arizona | C6: 34.56688 | D6: -113.33924 | E6: Reserves Development | F6: Clay | G6: Open pit | I6: 20 | J6: 122 | K6: =SUM(I6:J6) -> 142 | L6: 506 | M6: 929 | N6: 860 | P6: 810 | Q6: LCE | R6: 0.099 | S6: 0.56 | T6: =SUM(R6:S6) -> 0.659 | U6: 2.175 | V6: =SUM(R6,S6,U6) -> 2.834 | AF6: Technical Report 2024
A7: Big Sandy | B7: Arizona | C7: 34.70922 | D7: -113.56947 | E7: Exploration | F7: Sediment-contained | G7: Open pit | J7: 14.6 | K7: =SUM(I7:J7) -> 14.6 | L7: 32.5 | N7: 1940 | P7: 178 | Q7: LCE | S7: 0.1509 | T7: =SUM(R7:S7) -> 0.1509 | U7: 0.1699 | V7: =SUM(R7,S7,U7) -> 0.3208 | AF7: Arizona Lithium website
A8: Black Rock Geothermal | B8: California | C8: 33.168306 | D8: -115.62539 | E8: Reserves Development | F8: Geothermal brine | G8: Pumping | H8: Direct lithium extraction | AF8: Technical Memorandum 2021 | AG8: California Energy Commission Website | AH8: 87 MW gross, 77 MW net
A9: Bonnie Claire Open Pit | B9: Nevada | C9: 37.21703 | D9: -117.0349 | E9: Prefeas/Scoping | F9: Sediment-contained | G9: Open pit | H9: Calcine leaching | J9: 188.08 | K9: =SUM(I9:J9) -> 188.08 | L9: 451.1 | N9: 1074 | P9: 1106 | Q9: LCE | S9: 1.075 | T9: =SUM(R9:S9) -> 1.075 | U9: 2.655 | V9: =SUM(R9,S9,U9) -> 3.73 | AF9: Technical Report 2024
A10: Bonnie Claire Borehole | B10: Nevada | C10: 37.21703 | D10: -117.0349 | E10: Prefeas/Scoping | F10: Sediment-contained | G10: Borehole mining | H10: Calcine leaching | J10: 275.85 | K10: =SUM(I10:J10) -> 275.85 | L10: 1561.06 | N10: 3519 | P10: 3085 | Q10: LCE | S10: 5.167 | T10: =SUM(R10:S10) -> 5.167 | U10: 25.634 | V10: =SUM(R10,S10,U10) -> 30.801 | AF10: Technical Report 2024
A11: Clayton Northeast (Pure Energy Minerals) | B11: Nevada | C11: 37.73454 | D11: -117.61009 | E11: Target Outline | F11: Brine | G11: Pumping | H11: Direct lithium extraction | L11: =5524000000/1000000 -> 5524 | P11: 123 | Q11: LCE | U11: 0.2177 | V11: =SUM(R11,S11,U11) -> 0.2177 | AF11: Preliminary Economic Assessment 2018 | AH11: Ore deposit is brine volume in Mm3
A12: Clayton Ridge | B12: Nevada | C12: 37.77667 | D12: -117.47683 | E12: Reserves Development | F12: Clay | G12: Open pit | I12: 379.14474 | J12: 141.32542 | K12: =SUM(I12:J12) -> 520.47015 | L12: 70.455712 | O12: 1000 | Q12: LCE | R12: 1.645 | S12: 0.602844 | T12: =SUM(R12:S12) -> 2.247844 | U12: 0.299325 | V12: =SUM(R12,S12,U12) -> 2.547169 | AF12: Authium website
A13: Hell's Kitchen | B13: California | C13: 33.227315 | D13: -115.58071 | E13: Construction Started | F13: Geothermal brine | G13: Pumping | H13: Direct lithium extraction | M13: 219 | N13: 219 | Q13: LHE | R13: 0.6 | S13: 1.1 | T13: =SUM(R13:S13) -> 1.7 | V13: =SUM(R13,S13,U13) -> 1.7 | AA13: 217 | AB13: 1149 | AD13: 0.9 | AE13: =SUM(AC13:AD13) -> 0.9 | AF13: CTR Brochure | AG13: Project Update 2025 | AH13: Stage 1 Power Generation: 50 MW
A14: Horizon | B14: Nevada | C14: 38.05571 | D14: -117.35221 | E14: Reserves Development | F14: Clay | J14: 372.845 | K14: =SUM(I14:J14) -> 372.845 | L14: 2453.963 | N14: 669 | P14: 680 | Q14: LCE | S14: 1.32 | T14: =SUM(R14:S14) -> 1.32 | U14: 8.879 | V14: =SUM(R14,S14,U14) -> 10.199 | AF14: Technical Report 2024
A15: Kings Mountain | B15: North Carolina | C15: 35.22361 | D15: -81.34778 | E15: Prefeas/Scoping | F15: Hardrock | G15: Open pit | H15: Acid leaching | J15: 46.816 | K15: =SUM(I15:J15) -> 46.816 | L15: 42.869 | N15: 1.37 | O15: 1.37 | P15: 1.1 | Q15: LHE | S15: =K15*(O15/100)*(lhe/li2o) -> 1.02716 | T15: =SUM(R15:S15) -> 1.02716 | U15: =(L15*(P15/100)*(lhe/li2o)) -> 0.75519528 | V15: =SUM(R15,S15,U15) -> 1.7823553 | AF15: Albemarle Resource Estimate 2021 | AH15: Lithium content % is in % Li2O
A16: Lithium Nevada (Thacker Pass) | B16: Nevada | C16: 41.70883 | D16: -118.06978 | E16: Construction Started | F16: Sediment-contained | G16: Open pit, pumping | H16: Acid leaching, evaporation | J16: 534.7 | K16: =SUM(I16:J16) -> 534.7 | L16: 992.5 | M16: 2450 | N16: 1850 | O16: 2070 | P16: 1870 | Q16: LCE | R16: 7 | S16: 9.1 | T16: =SUM(R16:S16) -> 16.1 | U16: 3 | V16: =SUM(R16,S16,U16) -> 19.1 | W16: 192.9 | X16: 24.4 | Y16: =SUM(W16:X16) -> 217.3 | Z16: 3180 | AA16: 3010 | AB16: 3160 | AC16: 3.3 | AD16: 0.4 | AE16: =SUM(AC16:AD16) -> 3.7 | AF16: Feasibility Report 2022
A17: Lone Mountain | B17: Nevada | C17: 38.12123 | D17: -117.42631 | E17: Exploration | F17: Clay | J17: 638 | K17: =SUM(I17:J17) -> 638 | L17: 857 | N17: 774 | O17: 789 | P17: 783 | Q17: LCE | S17: 2.627 | T17: =SUM(R17:S17) -> 2.627 | U17: 3.597 | V17: =SUM(R17,S17,U17) -> 6.224 | AF17: Austroid website | AG17: MRE Announcement 2024
A18: McDermitt JLL | B18: Oregon | C18: 42.04162 | D18: -118.05924 | E18: Prefeas/Scoping | F18: Clay | G18: Open pit | J18: 1470 | K18: =SUM(I18:J18) -> 1470 | L18: 1540 | N18: 1420 | P18: 1270 | Q18: LCE | S18: 11.1 | T18: =SUM(R18:S18) -> 11.1 | U18: 10.4 | V18: =SUM(R18,S18,U18) -> 21.5 | AF18: Prefeasbility Study 2024
A19: McGee | B19: Nevada | C19: 37.71199 | D19: -117.54459 | E19: Reserves Development | F19: Clay | H19: Acid leaching | J19: 320 | K19: =SUM(I19:J19) -> 320 | L19: 157 | N19: 803 | P19: 865 | Q19: LCE | S19: 1.369 | T19: =SUM(R19:S19) -> 1.369 | U19: 0.723 | V19: =SUM(R19,S19,U19) -> 2.092 | AF19: Technical Report 2022
A20: Paradox | B20: Utah | C20: 38.5685 | D20: -109.73452 | E20: Feasibility Complete | F20: Oil-field brine | G20: Pumping | H20: Direct lithium extraction | J20: 562 | K20: =SUM(I20:J20) -> 562 | L20: 1954 | N20: 123 | P20: 109 | Q20: LCE | S20: 0.367 | T20: =SUM(R20:S20) -> 0.367 | U20: 1.138 | V20: =SUM(R20,S20,U20) -> 1.505 | AF20: Anson Resources website | AH20: Ore deposit is brine tonnage in Mt
A21: Piedmont Carolina | B21: North Carolina | C21: 35.39446 | D21: -81.28475 | E21: Feasibility Complete | F21: Hardrock | G21: Open pit | H21: Chemical flotation | J21: 28.2 | K21: =SUM(I21:J21) -> 28.2 | L21: 15.9 | N21: 1.11 | P21: 1.02 | Q21: LCE | S21: 0.774 | T21: =SUM(R21:S21) -> 0.774 | U21: 0.401 | V21: =SUM(R21,S21,U21) -> 1.175 | X21: 18.26 | Y21: =SUM(W21:X21) -> 18.26 | AA21: 1.1 | AD21: 0.495 | AF21: Technical Report 2021 | AH21: Lithium content % is in % Li2O
A22: Rhyolite Ridge | B22: Nevada | C22: 37.81491 | D22: -117.85253 | E22: Construction Planned | F22: Clay | G22: Open pit | H22: Acid leaching | I22: =64.38+68.713+19.191 -> 152.284 | J22: =87.372+145.061+29.066 -> 261.499 | K22: =SUM(I22:J22) -> 413.783 | L22: =26.873+60.199+9.518 -> 96.59 | M22: =AVERAGE(1752,1257,2203) -> 1737.3333 | N22: =AVERAGE(1551,1196,2112) -> 1619.6667 | O22: =AVERAGE(M22:N22) -> 1678.5 | P22: =AVERAGE(1554,1249,1789) -> 1530.6667 | Q22: LCE | R22: =0.6+0.46+0.225 -> 1.285 | S22: =0.721+0.923+0.327 -> 1.971 | T22: =SUM(R22:S22) -> 3.256 | U22: =0.222+0.4+0.091 -> 0.713 | V22: =SUM(R22,S22,U22) -> 3.969 | W22: =(39.428+46.321)*(ton/ston) -> 77.790277 | X22: =(51.812+109.065)*(ton/ston) -> 145.94533 | Y22: =SUM(W22:X22) -> 223.73561 | Z22: =AVERAGE(1823,1358) -> 1590.5 | AA22: =AVERAGE(1632,1425) -> 1528.5 | AB22: 1465 | AC22: =(0.383+0.335)*(ton/ston) -> 0.65135942 | AD22: =(0.45+0.755)*(ton/ston) -> 1.0931589 | AE22: =SUM(AC22:AD22) -> 1.7445183 | AF22: Technical Report 2021 | AG22: Ioneer website
A23: Silver Peak | B23: Nevada | C23: 37.77544 | D23: -117.57931 | E23: Operating | F23: Brine | G23: Pumping | H23: Evaporation | I23: 10 | J23: 25 | K23: =SUM(I23:J23) -> 35 | L23: 63 | M23: 153 | N23: 144 | O23: 146 | P23: 121 | Q23: LCE | U23: 0.191628 | V23: =SUM(R23,S23,U23) -> 0.191628 | Z23: 94 | AA23: 95 | AB23: 95 | AC23: =0.12*(lce/li) -> 0.63876 | AD23: =0.563*(lce/li) -> 2.996849 | AE23: =SUM(AC23:AD23) -> 3.635609 | AF23: Technical Report 2023 | AG23: Albemarle Resource Estimate 2021 | AH23: Product reserves originally reported as contained lithium
A24: South West Arkansas | B24: Arkansas | C24: 33.23241 | D24: -93.55148 | E24: Feasibility Complete | F24: Oil-field brine | G24: Pumping | H24: Direct lithium extraction | L24: 343 | N24: 4460 | P24: 4050 | Q24: LHE | S24: 1.43 | T24: =SUM(R24:S24) -> 1.43 | U24: 0.392 | V24: =SUM(R24,S24,U24) -> 1.822 | AF24: Prefeasbility Study 2023 | AG24: Standard Lithium website
A25: TLC | B25: Nevada | C25: 38.15412 | D25: -117.27217 | E25: Prefeas/Scoping | F25: Clay | G25: Open pit | H25: Acid leaching | I25: 426.377 | J25: 1105.8582 | K25: =SUM(I25:J25) -> 1532.2352 | L25: 362.874 | M25: 932 | N25: 898 | O25: 919 | P25: 912 | Q25: LCE | R25: 3.374727 | S25: 2.023022 | T25: =SUM(R25:S25) -> 5.397749 | U25: 1.741795 | V25: =SUM(R25,S25,U25) -> 7.139544 | AF25: Preliminary Economic Assessment 2023
A26: Tonopah Flats | B26: Nevada | C26: 38.1099 | D26: -117.3479 | E26: Exploration | F26: Clay | G26: Open pit | H26: Acid leaching | I26: 721 | J26: 2439 | K26: =SUM(I26:J26) -> 3160 | L26: 3160 | M26: 720 | N26: 565 | O26: 596 | P26: 550 | Q26: LHE | R26: 3.06 | S26: 8.34 | T26: =SUM(R26:S26) -> 11.4 | U26: 9.75 | V26: =SUM(R26,S26,U26) -> 21.15 | AF26: Resource Estimate 2024
A27: West Tonopah | B27: Nevada | C27: 38.09889 | D27: -117.3087 | E27: Reserves Development | F27: Clay | G27: Open pit | J27: 65.3 | K27: =SUM(I27:J27) -> 65.3 | L27: 118.674 | M27: 609 | P27: 709 | Q27: LCE | S27: 0.212 | T27: =SUM(R27:S27) -> 0.212 | U27: 0.445 | V27: =SUM(R27,S27,U27) -> 0.657 | AF27: Technical Report 2023 | AH27: Inferred is weighted average of west and east resources
A28: Zeus | B28: Nevada | C28: 37.77485 | D28: -117.50934 | E28: Prefeas/Scoping | F28: Clay | G28: Open pit | H28: Acid leaching | J28: 564 | K28: =SUM(I28:J28) -> 564 | L28: 287 | M28: 860 | N28: 957 | P28: 861 | Q28: LCE | R28: 0.532 | S28: 4.63 | T28: =SUM(R28:S28) -> 5.162 | U28: 1.86 | V28: =SUM(R28,S28,U28) -> 7.022 | AF28: Technical Report 2024 | AG28: Iyer and Kelly 2023
A30: Table S4B. Annual Production for Proposed Sites with Given Annual Production
A31: Proposed Site Name | B31: Product | C31: Annual Production (tons/yr) | D31: Source(s)
A32: Angel Island | B32: LCE | C32: 34000 | D32: Feasibility Report 2024
A33: Black Rock Geothermal | B33: LCE | C33: 90000 | D33: Technical Memorandum 2021
A34: Bonnie Claire | B34: LCE | C34: 32300 | D34: Preliminary Economic Assessment 2022
A35: Clayton Northeast (Pure Energy Minerals) | B35: LCE | C35: 10000 | D35: Preliminary Economic Assessment 2018
A36: Hell's Kitchen | B36: LHE | C36: 25000 | D36: Project Update 2025
A37: Kings Mountain | B37: SC | C37: 381018 | D37: Albemarle Resource Estimate 2021
A38: Lithium Nevada (Thacker Pass) | B38: LCE | C38: 160000 | D38: Lithium Americas Website
A39: McDermitt JLL | B39: LCE | C39: 44300 | D39: Prefeasbility Study 2024
A40: Paradox | B40: LCE | C40: 13074 | D40: Anson Resources website
A41: Piedmont Carolina | B41: LHE | C41: 33000 | D41: Technical Report 2021
A42: Rhyolite Ridge | B42: LHE | C42: 21953.897 | D42: Technical Report 2021
A43: Silver Peak | B43: LCE | C43: 6000 | D43: Technical Report 2023
... A47: Zeus | B47: LCE | C47: 31900 | D47: Preliminary Economic Assessment 2021
A49: Table S4C Estimated Annual Production for Proposed Sites Without Given Annual Production
A50: Proposed Site Name | B50: Product | C50: Resource 1 (Mt LCE) | D50: Resource 2 (Mt LCE)* | E50: Annual Production (tons LCE/yr)* | F50: Notes
A51: Basin | B51: LCE | C51: 0.659 | D51: =EXP(1.687+0.923*LN(C51*1000000))/1000000 -> 1.2690713 | E51: =EXP(4.439+0.374*LN(D51*1000000)) -> 16238.166 | F51: *Calculated from regressions from Buarque Andrade et al. (2024)
A52: Big Sandy | B52: LCE | C52: 0.1509 | D52: =EXP(1.687+0.923*LN(C52*1000000))/1000000 -> 0.32552546 | E52: =EXP(4.439+0.374*LN(D52*1000000)) -> 9762.0264
A53: Clayton Ridge | B53: LCE | C53: 2.247844 | D53: =EXP(1.687+0.923*LN(C53*1000000))/1000000 -> 3.9385373 | E53: =EXP(4.439+0.374*LN(D53*1000000)) -> 24802.102
A54: Clayton Valley (ACME) | B54: LCE | C54: 2.247844 | D54: =EXP(1.687+0.923*LN(C54*1000000))/1000000 -> 3.9385373 | E54: =EXP(4.439+0.374*LN(D54*1000000)) -> 24802.102
A55: Gemini | B55: LCE | C55: 0.12791305 | D55: =EXP(1.687+0.923*LN(C55*1000000))/1000000 -> 0.27947129 | E55: =EXP(4.439+0.374*LN(D55*1000000)) -> 9220.6878
A56: Horizon | B56: LCE | C56: 1.32 | D56: =EXP(1.687+0.923*LN(C56*1000000))/1000000 -> 2.4095976 | E56: =EXP(4.439+0.374*LN(D56*1000000)) -> 20638.611
A57: Lone Mountain | B57: LCE | C57: 2.627 | D57: =EXP(1.687+0.923*LN(C57*1000000))/1000000 -> 4.5479579 | E57: =EXP(4.439+0.374*LN(D57*1000000)) -> 26173.184
A58: McGee | B58: LCE | C58: 1.369 | D58: =EXP(1.687+0.923*LN(C58*1000000))/1000000 -> 2.4920409 | E58: =EXP(4.439+0.374*LN(D58*1000000)) -> 20899.93
A59: Nevada North | B59: LCE | C59: 1.369 | D59: =EXP(1.687+0.923*LN(C59*1000000))/1000000 -> 2.4920409 | E59: =EXP(4.439+0.374*LN(D59*1000000)) -> 20899.93
A60: West Tonopah | B60: LCE | C60: 0.212 | D60: =EXP(1.687+0.923*LN(C60*1000000))/1000000 -> 0.44551547 | E60: =EXP(4.439+0.374*LN(D60*1000000)) -> 10977.612

Sheet 5. Proposed Mine Water Data
A2: Table S5A. Proposed Mine Water Use
A3: Proposed Site Name | B3: Deposit Type | C3: Mine Type | D3: Extraction Process | E3: Provided Water Use | F3: Units | G3: Provided Water Use (m3/yr) | H3: Provided Water Use (Mm3/yr) | I3: Source(s) | J3: Notes
A4: Angel Island | B4: Clay | C4: Open pit | D4: Direct lithium extraction | E4: 224.1 | F4: m3/hr | G4: =E4*(hr/yr) -> 1963116 | H4: =G4/1000000 -> 1.963116 | I4: Feasibility Report 2024
A5: Basin | B5: Clay | C5: Open pit | H5: =G5/1000000 -> 0
A6: Big Sandy | B6: Sediment-contained | C6: Open pit | H6: =G6/1000000 -> 0
A7: Black Rock Geothermal | B7: Geothermal brine | C7: Pumping | D7: Direct lithium extraction | E7: 13165 | F7: acre-ft/yr | G7: =E7*(cubicm/acreft) -> 16238772 | H7: =G7/1000000 -> 16.238772 | I7: Draft Project Environmental Impact Review 2024 | J7: For three plants in the area
A8: Bonnie Claire Open Pit | B8: Sediment-contained | C8: Open pit | D8: Calcine leaching | E8: 5382497 | F8: m3/hr | G8: 5382497 | H8: =G8/1000000 -> 5.382497 | I8: Preliminary Economic Assessment 2022 | J8: Water consumption is for both Bonnie Claire projects
A9: Bonnie Claire Borehole | B9: Sediment-contained | C9: Borehole mining | D9: Calcine leaching | H9: =G9/1000000 -> 0
A10: Clayton Northeast (Pure Energy Minerals) | B10: Brine | C10: Pumping | D10: Direct lithium extraction | E10: =860000 -> 860000 | F10: m3/yr | G10: =E10 -> 860000 | H10: =G10/1000000 -> 0.86 | I10: Preliminary Economic Assessment 2018
A11: Clayton Ridge | B11: Clay | C11: Open pit | H11: =G11/1000000 -> 0
A12: Hell's Kitchen | B12: Geothermal brine | C12: Pumping | D12: Direct lithium extraction | E12: 6500 | F12: acre-ft/yr | G12: =E12*(cubicm/acreft) -> 8017624 | H12: =G12/1000000 -> 8.017624 | I12: Draft Project Environmental Impact Review 2024
A13: Horizon | B13: Clay | H13: =G13/1000000 -> 0
A14: Kings Mountain | B14: Hardrock | C14: Open pit | D14: Acid leaching | H14: =G14/1000000 -> 0
A15: Thacker Pass | B15: Clay, brine | C15: Open pit, pumping | D15: Acid leaching, evaporation | E15: =(10.6*1000000)+(18.8*1000000) -> 29400000 | F15: m3/yr | G15: =E15 -> 29400000 | H15: =G15/1000000 -> 29.4 | I15: Feasibility Report 2022
A16: Lone Mountain | B16: Clay | H16: =G16/1000000 -> 0
A17: McDermitt JLL | B17: Clay | C17: Open pit | H17: =G17/1000000 -> 0
A18: McGee | B18: Clay | C18: Open pit | D18: Acid leaching | H18: =G18/1000000 -> 0
A19: Paradox | B19: Oil-field brine | C19: Pumping | D19: Direct lithium extraction | E19: =AVERAGE(200,250) -> 225 | F19: acre-ft/yr | G19: =E19*(cubicm/acreft) -> 277533.14 | H19: =G19/1000000 -> 0.27753314 | I19: Corporate Presentation 2024
A20: Piedmont Carolina | B20: Hardrock | C20: Open pit | D20: Chemical flotation | E20: 2106 | F20: m3/day | G20: =E20*(day/yr) -> 768690 | H20: =G20/1000000 -> 0.76869 | I20: Technical Report 2021
A21: Rhyolite Ridge | B21: Clay | C21: Open pit | D21: Acid leaching | E21: 2150 | F21: gpm | G21: =E21*(cubicm/gal)*(min/yr) -> 4277667.6 | H21: =G21/1000000 -> 4.2776676 | I21: Technical Report 2021
A22: Silver Peak | B22: Brine | C22: Pumping | D22: Evaporation | E22: 24669600 | F22: m3/yr | G22: =E22 -> 24669600 | H22: =G22/1000000 -> 24.6696 | I22: Technical Report 2023
A23: South West Arkansas | B23: Oil-field brine | C23: Pumping | D23: Direct lithium extraction | E23: 413 | F23: m3/hr | G23: =E23*(hr/yr) -> 3617880 | H23: =G23/1000000 -> 3.61788 | I23: Prefeasbility Study 2023
A24: TLC | B24: Clay | C24: Open pit | D24: Acid leaching | E24: ='6. Proposed Mine LCI Values'!H35*'6. Proposed Mine LCI Values'!H36 -> 6688000 | F24: m3/yr | G24: =E24 -> 6688000 | H24: =G24/1000000 -> 6.688 | I24: Preliminary Economic Assessment 2023
A25: Tonopah Flats | B25: Clay | C25: Open pit | D25: Acid leaching | E25: 649.87163 | F25: m3/hr | G25: =E25*(hr/yr) -> 5692875.5 | H25: =G25/1000000 -> 5.6928755 | I25: Resource Estimate 2024
A26: West Tonopah | B26: Clay | C26: Open pit | H26: =G26/1000000 -> 0
A27: Zeus | B27: Clay | C27: Open pit | D27: Acid leaching | H27: =G27/1000000 -> 0 | I27: Technical Report 2024

Sheet 6. Proposed Mine LCI Values
A2: Table S6A. Life Cycle Inventory (LCI) water consumption data from technical reports of proposed mines that report water consumption and annual production
A3: Site Name | B3: State | C3: County | D3: Deposit Type | E3: Mining Method | F3: Extraction Method | G3: Input | H3: Input value | I3: Input unit
A4: Angel Island | B4: Nevada | C4: Esmeralda | D4: Clay | E4: Open pit | F4: Direct lithium extraction | G4: Net water use | H4: ='5. Proposed Mine Water Data'!G4 -> 1963116 | I4: m3/yr
G5: LCE production | H5: ='4. Proposed Mine LOM & Resource'!C32 -> 34000 | I5: t/yr
A6: Black Rock Geothermal | B6: California | C6: Imperial | D6: Geothermal brine | E6: Pumping | F6: Direct lithium extraction | G6: Net water use | H6: 13165 | I6: acre-ft/yr
G7: LCE production | H7: 90000 | I7: t/yr
A8: Bonnie Claire | B8: Nevada | C8: Nye | D8: Sediment-contained | E8: Open pit/borehole | F8: Calcine leaching | G8: Net water use | H8: 5382497 | I8: m3/yr
G9: LCE production | H9: 32300 | I9: t/yr
A10: Clayton Northeast (Pure Energy Minerals) | B10: Nevada | C10: Esmeralda | D10: Brine | E10: Pumping | F10: Direct lithium extraction | G10: Brine | H10: 1250 | I10: m3/hr
G11: Groundwater extracted | H11: =23.52*1000000 -> 23520000 | I11: m3/yr
G12: Groundwater returned | H12: =22.66*1000000 -> 22660000 | I12: m3/yr
G13: Net water use | H13: =H11-H12 -> 860000 | I13: m3/yr
G14: LCE production | H14: 10000 | I14: t/yr
A15: Hell's Kitchen | B15: California | C15: Imperial | D15: Geothermal brine | E15: Pumping | F15: Direct lithium extraction | G15: Net water use | H15: 6500 | I15: acre-ft/yr
G16: LCE production | H16: =25000*(lce/lhe) -> 38594.838 | I16: t/yr
A17: Lithium Nevada Thacker Pass | B17: Nevada | C17: Humboldt | D17: Clay, brine | E17: Open pit, pumping | F17: Acid leaching, evaporation | G17: Process net water use | H17: =831+1385 -> 2216 | I17: m3/hr
G18: Extraction net water use | H18: =250+750 -> 1000 | I18: m3/hr
G19: LCE production | H19: 160000 | I19: t/yr
A20: Paradox | B20: Utah | C20: Grand | D20: Oil-field brine | E20: Pumping | F20: Direct lithium extraction | G20: Process net water use | H20: =AVERAGE(200,250) -> 225 | I20: acre-ft/yr | J20: *average between 200-250
G21: LCE production | H21: ='4. Proposed Mine LOM & Resource'!C40 -> 13074 | I21: t/yr
A22: Piedmont Carolina | B22: North Carolina | C22: Gaston | D22: Hardrock | E22: Open pit | F22: Chemical flotation | G22: Ore feed | H22: 1900000 | I22: t/yr
G23: Spodumene concentrate | H23: 230000 | I23: t/yr
G24: Mine dewatering | H24: 1400 | I24: gpm | J24: *Not included in total calculation. Water goes to treatment plant and is released
G25: Process net water use | H25: 2106 | I25: m3/day
G26: LHE production | H26: 33000 | I26: t/yr
A27: Rhyolite Ridge | B27: Nevada | C27: Esmeralda | D27: Clay | E27: Open pit | F27: Acid leaching | G27: Process net water use | H27: 2150 | I27: gpm
G28: LHE production | H28: =24200*(ton/ston) -> 21953.897 | I28: t/yr
A29: Silver Peak | B29: Nevada | C29: Esmeralda | D29: Brine | E29: Pumping | F29: Evaporation | G29: Process net water use | H29: 130 | I29: m3/t LCE
G30: Evapotranspiration | H30: 65898 | I30: m3/day | J30: *for 2022 production of 150,356 tons LCE
G31: LCE production | H31: 6000 | I31: t/yr
A32: South West Arkansas | B32: Arkansas | C32: Lafayette | D32: Oil-field brine | E32: Pumping | F32: Direct lithium extraction | G32: Brine | H32: 1800 | I32: m3/hr
G33: Net water use | H33: 413 | I33: m3/hr
G34: LHE production | H34: 30000 | I34: t/yr
A35: TLC | B35: Nevada | C35: Nye | D35: Clay | E35: Open pit | F35: Acid leaching | G35: Process net water use | H35: 0.76 | I35: m3/t ROM
G36: Run of Mill feed (ROM) | H36: =8.8*1000000 -> 8800000 | I36: t/yr
G37: LCE production | H37: 48000 | I37: t/yr
A38: Tonopah Flats | B38: Nevada | C38: Esmeralda | D38: Clay | E38: Open pit | F38: Acid leaching | G38: Process net water use | H38: =AVERAGE(17650,28250) -> 22950 | I38: ft3/hr | J38: *average of 17650 and 28250
G39: LHE production | H39: 33000 | I39: t/yr
A42: Table S6B. Life Cycle Inventory (LCI) water consumption data per ton of product
A43: Site Name | B43: State | C43: County | D43: Deposit Type | E43: Mining Method | F43: Extraction Method | G43: Input | H43: Input value | I43: Input unit | J43: Functional Unit
A44: Angel Island | B44: Nevada | C44: Esmeralda | D44: Clay | E44: Open pit | F44: Direct lithium extraction | G44: Net water use | H44: =H4/H5 -> 57.738706 | I44: m3 | J44: t LCE
A45: Black Rock Geothermal | B45: California | C45: Imperial | D45: Geothermal brine | E45: Pumping | F45: Direct lithium extraction | G45: Net water use | H45: =(H6*(cubicm/acreft))/H7 -> 180.4308 | I45: m3 | J45: t LCE
A46: Bonnie Claire | B46: Nevada | C46: Nye | D46: Sediment-contained | E46: Open pit/borehole | F46: Calcine leaching | G46: Net water use | H46: =H8/H9 -> 166.64077 | I46: m3 | J46: t LCE
A47: Clayton Northeast (Pure Energy Minerals) | B47: Nevada | C47: Esmeralda | D47: Brine | E47: Pumping | F47: Direct lithium extraction | G47: Net water use | H47: =H13/H14 -> 86 | I47: m3 | J47: t LCE
A48: Hell's Kitchen | B48: California | C48: Imperial | D48: Geothermal brine | E48: Pumping | F48: Direct lithium extraction | G48: Net water use | H48: =(H15*(cubicm/acreft))/H16 -> 207.73825 | I48: m3 | J48: t LCE
A49: Lithium Nevada Thacker Pass | B49: Nevada | C49: Humboldt | D49: Clay, brine | E49: Open pit, pumping | F49: Acid leaching, evaporation | G49: Net water use | H49: =(H18*hr/yr)/H19 -> 54.75 | I49: m3 | J49: t LCE
A50: Paradox | B50: Utah | C50: Grand | D50: Oil-field brine | E50: Pumping | F50: Direct lithium extraction | G50: Net water use | H50: =(H20*(cubicm/acreft))/H21 -> 21.227867 | I50: m3 | J50: t LCE
A51: Piedmont Carolina | B51: North Carolina | C51: Gaston | D51: Hardrock | E51: Open pit | F51: Chemical flotation | G51: Net water use | H51: =(H25*day/yr)/H26 -> 23.293636 | I51: m3 | J51: t LHE
A52: Rhyolite Ridge | B52: Nevada | C52: Esmeralda | D52: Clay | E52: Open pit | F52: Acid leaching | G52: Net water use | H52: =(H27*(cubicm/gal)*(min/yr))/H28 -> 194.84776 | I52: m3 | J52: t LCE
A53: Silver Peak | B53: Nevada | C53: Esmeralda | D53: Brine | E53: Pumping | F53: Evaporation | G53: Net water use | H53: =H29+((H30/150356)*(day/yr)) -> 289.97213 | I53: m3 | J53: t LCE | K53: *includes evapotranspiration loss
A54: South West Arkansas | B54: Arkansas | C54: Lafayette | D54: Oil-field brine | E54: Pumping | F54: Direct lithium extraction | G54: Net water use | H54: =(H33*(hr/yr))/H34 -> 120.596 | I54: m3 | J54: t LCE
A55: TLC | B55: Nevada | C55: Nye | D55: Clay | E55: Open pit | F55: Acid leaching | G55: Net water use | H55: =(H35*H36)/H37 -> 139.33333 | I55: m3 | J55: t LCE
A56: Tonopah Flats | B56: Nevada | C56: Esmeralda | D56: Clay | E56: Open pit | F56: Acid leaching | G56: Net water use | H56: =(H38*(cubicm/cubicft)*(hr/yr))/H39 -> 172.51122 | I56: m3 | J56: t LHE

Sheet 7. Operating Mines Data
A2: Table S7A. Production and Water Consumption Data for Select Operating Mines
A3: Site Name (Operator) | B3: Country | C3: Deposit Type | D3: Extraction Process | E3: Product | F3: Category (units) | G3: 2022 | H3: 2023 | I3: 2024 | J3: Source
A4: Greenbushes (Talison) | B4: Australia | C4: Hardrock (spodumene) | D4: Chemical flotation | E4: Lithium mineral concentrate | F4: Production (tons) | G4: 1383425 | H4: 1491263 | I4: 1134580 | J4: Sustainability Report 2024
F5: Absolute percent change (%) | H5: =ABS((H4-G4)/G4) -> 0.077950015 | I5: =ABS((I4-H4)/H4) -> 0.23918182
F6: Water consumption (ML) | G6: 2484 | H6: 2749 | I6: 3201
F7: Absolute percent change (%) | H7: =ABS((H6-G6)/G6) -> 0.10668277 | I7: =ABS((I6-H6)/H6) -> 0.16442343
F8: Water consumption per product (m3/ton) (calculated) | G8: =(G6*1000000*(cubicm/liter))/G4 -> 1.7955437 | H8: =(H6*1000000*(cubicm/liter))/H4 -> 1.8434039 | I8: =(I6*1000000*(cubicm/liter))/I4 -> 2.8213083
F9: Absolute percent change (%) | H9: =ABS((H8-G8)/G8) -> 0.026654997 | I9: =ABS((I8-H8)/H8) -> 0.53048844
A10: Salar de Atacama (SQM) | B10: Chile | C10: Brine | D10: Evaporation | E10: LCE | F10: Production (tons) | G10: 120000 | H10: 180000 | I10: 201000 | J10: Annual Report 2024
F11: Absolute percent change (%) | H11: =ABS((H10-G10)/G10) -> 0.5 | I11: =ABS((I10-H10)/H10) -> 0.11666667
F12: Water consumption (m3) | G12: 29377645 | H12: 32615350 | I12: 29286059
F13: Absolute percent change (%) | H13: =ABS((H12-G12)/G12) -> 0.11020982 | I13: =ABS((I12-H12)/H12) -> 0.10207743
F14: Water consumption per product (m3/ton) (calculated) | G14: =G12/G10 -> 244.81371 | H14: =H12/H10 -> 181.19639 | I14: =I12/I10 -> 145.70179
F15: Absolute percent change (%) | H15: =ABS((H14-G14)/G14) -> 0.25986012 | I15: =ABS((I14-H14)/H14) -> 0.19589023
A16: Cauchari-Olaroz (Lithium Argentina) | B16: Argentina | C16: Brine | D16: DLE | E16: LCE | F16: Production (tons) | H16: 6000 | I16: 25400 | J16: Annual Report 2024 | K16: * Production began in 2023
F17: Absolute percent change (%) | I17: =ABS((I16-H16)/H16) -> 3.2333333 | K17: * Percent change represents a ramp-up, not changes at full-capacity
F18: Water consumption per product (m3/ton) (provided) | H18: =424.7-33 -> 391.7 | I18: =104.2-1.6 -> 102.6
F19: Absolute percent change (%) | I19: =ABS((I18-H18)/H18) -> 0.73806485

Sheet 8. Uncertainty Results
A2: Table S8A. Production and Water Consumption Percentiles by Proposed Mine
H3: Production estimate (tons/yr) | L3: Water consumption estimate (m3/yr)
A4: Proposed Site Name | B4: Deposit Type | C4: Mine Type | D4: Extraction Process | E4: HUC8 ID | F4: HUC 8 Name | G4: Product | H4: Method | I4: p10 | J4: p50 | K4: p90 | L4: Method | M4: p10 | N4: p50 | O4: p90
A5: Angel Island | B5: Clay | C5: Open pit | D5: Direct lithium extraction | E5: 16060011 | F5: Ralston-Stone Cabin Valleys | G5: LCE | H5: =IF(ISNUMBER(MATCH(A5, '4. Proposed Mine LOM & Resource'!$A$32:$A$47, 0)), "+/- 20%", "Regression") -> +/- 20% | I5: 31122.756 | J5: 33986.056 | K5: 36917.164 | L5: +/- 20% | M5: 1796217.8 | N5: 1964146 | O5: 2128839.6
A6: Basin | B6: Clay | C6: Open pit | E6: 15030202 | F6: Burro | G6: LCE | H6: =IF(ISNUMBER(MATCH(A6, '4. Proposed Mine LOM & Resource'!$A$32:$A$47, 0)), "+/- 20%", "Regression") -> Regression | I6: 4371.1455 | J6: 15819.637 | K6: 59745.559 | L6: Literature Estimate | M6: 366842.57 | N6: 1927238.7 | O6: 9736611.9
A7: Big Sandy | B7: Sediment-contained | C7: Open pit | E7: 15030201 | F7: Big Sandy | G7: LCE | H7: =IF(ISNUMBER(MATCH(A7, '4. Proposed Mine LOM & Resource'!$A$32:$A$47, 0)), "+/- 20%", "Regression") -> Regression | I7: 2791.3071 | J7: 9479.8782 | K7: 33828.581 | L7: Literature Estimate | M7: 234256.74 | N7: 1154893 | O7: 5512974.9
A8: Black Rock Geothermal | B8: Geothermal brine | C8: Pumping | D8: Direct lithium extraction | E8: 18100204 | F8: Salton Sea | G8: LCE | H8: =IF(ISNUMBER(MATCH(A8, '4. Proposed Mine LOM & Resource'!$A$32:$A$47, 0)), "+/- 20%", "Regression") -> +/- 20% | I8: 82349.379 | J8: 90075.272 | K8: 97544.257 | L8: +/- 20% | M8: 14866480 | N8: 16255793 | O8: 17610505
A9: Bonnie Claire | B9: Sediment-contained | C9: Open pit | D9: Calcine leaching | E9: 16060013 | F9: Cactus-Sarcobatus Flats | G9: LCE | H9: =IF(ISNUMBER(MATCH(A9, '4. Proposed Mine LOM & Resource'!$A$32:$A$47, 0)), "+/- 20%", "Regression") -> +/- 20% | I9: 29542.474 | J9: 32318.876 | K9: 35089.193 | L9: +/- 20% | M9: 4923485.5 | N9: 5371061.4 | O9: 5838965.4
A10: Clayton Northeast (Pure Energy Minerals) | B10: Brine | C10: Pumping | D10: Direct lithium extraction | E10: 16060011 | F10: Ralston-Stone Cabin Valleys | G10: LCE | H10: =IF(ISNUMBER(MATCH(A10, '4. Proposed Mine LOM & Resource'!$A$32:$A$47, 0)), "+/- 20%", "Regression") -> +/- 20% | I10: 9138.7424 | J10: 9997.5483 | K10: 10863.678 | L10: +/- 20% | M10: 787319.11 | N10: 860876.48 | O10: 932949.59
A11: Clayton Ridge | B11: Clay | C11: Open pit | E11: 16060011 | F11: Ralston-Stone Cabin Valleys | G11: LCE | H11: =IF(ISNUMBER(MATCH(A11, '4. Proposed Mine LOM & Resource'!$A$32:$A$47, 0)), "+/- 20%", "Regression") -> Regression | I11: 6335.4569 | J11: 24100.485 | K11: 95695.793 | L11: Literature Estimate | M11: 531694.8 | N11: 2936059 | O11: 15595348
A12: Hell's Kitchen | B12: Geothermal brine | C12: Pumping | D12: Direct lithium extraction | E12: 18100204 | F12: Salton Sea | G12: LHE | H12: =IF(ISNUMBER(MATCH(A12, '4. Proposed Mine LOM & Resource'!$A$32:$A$47, 0)), "+/- 20%", "Regression") -> +/- 20% | I12: 22856.123 | J12: 24973.624 | K12: 27140.141 | L12: +/- 20% | M12: 7332806.6 | N12: 8019624.4 | O12: 8690310.7
A13: Horizon | B13: Clay | E13: 16060003 | F13: Southern Big Smoky Valley | G13: LCE | H13: =IF(ISNUMBER(MATCH(A13, '4. Proposed Mine LOM & Resource'!$A$32:$A$47, 0)), "+/- 20%", "Regression") -> Regression | I13: 5409.8606 | J13: 20025.481 | K13: 77898.545 | L13: Literature Estimate | M13: 454015.36 | N13: 2439618.8 | O13: 12694967
A14: Kings Mountain | B14: Hardrock | C14: Open pit | D14: Acid leaching | E14: 3050105 | F14: Upper Broad | G14: LHE | H14: =IF(ISNUMBER(MATCH(A14, '4. Proposed Mine LOM & Resource'!$A$32:$A$47, 0)), "+/- 20%", "Regression") -> +/- 20% | I14: =348218.714035918*(1/'3. Literature LCI Values'!H127) -> 67223.69 | J14: =380719.317035847*(1/'3. Literature LCI Values'!H127) -> 73497.938 | K14: =412939.574460982*(1/'3. Literature LCI Values'!H127) -> 79718.065 | L14: Literature Estimate | M14: 5641658.7 | N14: 8953939.5 | O14: 12991490
A15: Lithium Nevada (Thacker Pass) | B15: Clay, brine | C15: Open pit, pumping | D15: Acid leaching, evaporation | E15: 16040201 | F15: Upper Quinn | G15: LCE | H15: =IF(ISNUMBER(MATCH(A15, '4. Proposed Mine LOM & Resource'!$A$32:$A$47, 0)), "+/- 20%", "Regression") -> +/- 20% | I15: 146385.59 | J15: 160054.18 | K15: 173613.79 | L15: +/- 20% | M15: 26931959 | N15: 29404297 | O15: 31956677
A16: Lone Mountain | B16: Clay | E16: 16060003 | F16: Southern Big Smoky Valley | G16: LCE | H16: =IF(ISNUMBER(MATCH(A16, '4. Proposed Mine LOM & Resource'!$A$32:$A$47, 0)), "+/- 20%", "Regression") -> Regression | I16: 6620.5761 | J16: 25395.614 | K16: 101942.65 | L16: Literature Estimate | M16: 555623.04 | N16: 3093839.1 | O16: 16613385
A17: McDermitt JLL | B17: Clay | C17: Open pit | E17: 16040201 | F17: Upper Quinn | G17: LCE | H17: =IF(ISNUMBER(MATCH(A17, '4. Proposed Mine LOM & Resource'!$A$32:$A$47, 0)), "+/- 20%", "Regression") -> +/- 20% | I17: 40487.002 | J17: 44374.143 | K17: 48156.192 | L17: Literature Estimate | M17: 3397817.8 | N17: 5405912.1 | O17: 7847916.4
A18: McGee | B18: Clay | C18: Open pit | D18: Acid leaching | E18: 16060011 | F18: Ralston-Stone Cabin Valleys | G18: LCE | H18: =IF(ISNUMBER(MATCH(A18, '4. Proposed Mine LOM & Resource'!$A$32:$A$47, 0)), "+/- 20%", "Regression") -> Regression | I18: 5468.9526 | J18: 20275.846 | K18: 78944.323 | L18: Literature Estimate | M18: 458974.57 | N18: 2470119.7 | O18: 12865395
A19: Paradox | B19: Oil-field brine | C19: Pumping | D19: Direct lithium extraction | E19: 14030005 | F19: Upper Colorado-Kane Springs | G19: LCE | H19: =IF(ISNUMBER(MATCH(A19, '4. Proposed Mine LOM & Resource'!$A$32:$A$47, 0)), "+/- 20%", "Regression") -> +/- 20% | I19: 11971.092 | J19: 13071.222 | K19: 14187.836 | L19: +/- 20% | M19: 253458.36 | N19: 277827.54 | O19: 301790.98
A20: Piedmont Carolina | B20: Hardrock | C20: Open pit | D20: Chemical flotation | E20: 3050102 | F20: South Fork Catawba | G20: LCE | H20: =IF(ISNUMBER(MATCH(A20, '4. Proposed Mine LOM & Resource'!$A$32:$A$47, 0)), "+/- 20%", "Regression") -> +/- 20% | I20: 30118.827 | J20: 32953.722 | K20: 35822.382 | L20: +/- 20% | M20: 700606.32 | N20: 767537.19 | O20: 833662.78
A21: Rhyolite Ridge | B21: Clay | C21: Open pit | D21: Acid leaching | E21: 16060010 | F21: Fish Lake-Soda Spring Valleys | G21: LCE | H21: =IF(ISNUMBER(MATCH(A21, '4. Proposed Mine LOM & Resource'!$A$32:$A$47, 0)), "+/- 20%", "Regression") -> +/- 20% | I21: 20124.505 | J21: 21932.814 | K21: 23777.942 | L21: +/- 20% | M21: 3907981.8 | N21: 4284302.1 | O21: 4647432.2
A22: Silver Peak | B22: Brine | C22: Pumping | D22: Evaporation | E22: 16060011 | F22: Ralston-Stone Cabin Valleys | G22: LCE | H22: =IF(ISNUMBER(MATCH(A22, '4. Proposed Mine LOM & Resource'!$A$32:$A$47, 0)), "+/- 20%", "Regression") -> +/- 20% | I22: 5474.876 | J22: 6003.1726 | K22: 6505.5457 | L22: +/- 20% | M22: 22551356 | N22: 24670307 | O22: 26821086
A23: South West Arkansas | B23: Oil-field brine | C23: Pumping | D23: Direct lithium extraction | E23: 11140205 | F23: Bodcau Bayou | G23: LHE | H23: =IF(ISNUMBER(MATCH(A23, '4. Proposed Mine LOM & Resource'!$A$32:$A$47, 0)), "+/- 20%", "Regression") -> +/- 20% | I23: 27459.712 | J23: 30024.933 | K23: 32572.002 | L23: +/- 20% | M23: 3314052.4 | N23: 3621992.4 | O23: 3935422.8
A24: TLC | B24: Clay | C24: Open pit | D24: Acid leaching | E24: 16060003 | F24: Southern Big Smoky Valley | G24: LCE | H24: =IF(ISNUMBER(MATCH(A24, '4. Proposed Mine LOM & Resource'!$A$32:$A$47, 0)), "+/- 20%", "Regression") -> +/- 20% | I24: 43873.663 | J24: 48000.509 | K24: 52014.236 | L24: +/- 20% | M24: 6122453.4 | N24: 6692140.1 | O24: 7257242.6
A25: Tonopah Flats | B25: Clay | C25: Open pit | D25: Acid leaching | E25: 16060003 | F25: Southern Big Smoky Valley | G25: LHE | H25: =IF(ISNUMBER(MATCH(A25, '4. Proposed Mine LOM & Resource'!$A$32:$A$47, 0)), "+/- 20%", "Regression") -> +/- 20% | I25: 30204.655 | J25: 33047.91 | K25: 35829.93 | L25: +/- 20% | M25: 5209753.4 | N25: 5701351.3 | O25: 6187033.9
A26: West Tonopah | B26: Clay | C26: Open pit | E26: 16060003 | F26: Southern Big Smoky Valley | G26: LCE | H26: =IF(ISNUMBER(MATCH(A26, '4. Proposed Mine LOM & Resource'!$A$32:$A$47, 0)), "+/- 20%", "Regression") -> Regression | I26: 3101.9588 | J26: 10671.217 | K26: 38556.901 | L26: Literature Estimate | M26: 260327.77 | N26: 1300028.7 | O26: 6283539.4
A27: Zeus | B27: Clay | C27: Open pit | D27: Acid leaching | E27: 16060011 | F27: Ralston-Stone Cabin Valleys | G27: LCE | H27: =IF(ISNUMBER(MATCH(A27, '4. Proposed Mine LOM & Resource'!$A$32:$A$47, 0)), "+/- 20%", "Regression") -> +/- 20% | I27: 29161.652 | J27: 31874.071 | K27: 34627.891 | L27: Literature Estimate | M27: 2447352.8 | N27: 3883081.8 | O27: 5643236.7
A30: Table S8B. Water Consumption Estimates by Deposit Type Uncertainty Analysis Results
C31: Water Consumption (m3/ton LCE)
A32: Deposit Type | B32: Extraction Process | C32: p10 | D32: p50 | E32: p90
A33: Brine | B33: Evaporation | C33: 84.679696 | D33: 192.95778 | E33: 348.77917
A34: Brine | B34: Direct lithium extraction | C34: 133.43887 | D34: 313.74772 | E34: 562.76974
A35: Hard rock | B35: Acid leaching | C35: 31 | D35: 54 | E35: 88
A36: Clay/Sediment-contained | B36: Acid leaching | C36: 83.92367 | D36: 121.82573 | E36: 162.96796
A37: Oil-field Brine | B37: Direct lithium extraction | C37: 42.680004 | D37: 70.481241 | E37: 98.418845
A39: Table S8C. WaSSI total water supply (Mgal/day) by HUC 8 uncertainty results
A40: Climate Model | B40: CNRM | H40: HadGEM2 | N40: IPSL | T40: MRI-CGCM3 | Z40: NorESM
A41: RCP | B41: RCP 4.5 | E41: RCP 8.5 | H41: RCP 4.5 | K41: RCP 8.5 | N41: RCP 4.5 | Q41: RCP 8.5 | T41: RCP 4.5 | W41: RCP 8.5 | Z41: RCP 4.5 | AC41: RCP 8.5
A42: HUC8 ID | B42: p10 | C42: p50 | D42: p90 | E42: p10 | F42: p50 | G42: p90 | H42: p10 | I42: p50 | J42: p90 | K42: p10 | L42: p50 | M42: p90 | N42: p10 | O42: p50 | P42: p90 | Q42: p10 | R42: p50 | S42: p90 | T42: p10 | U42: p50 | V42: p90 | W42: p10 | X42: p50 | Y42: p90 | Z42: p10 | AA42: p50 | AB42: p90 | AC42: p10 | AD42: p50 | AE42: p90
A43: 16060011 | B43: 36.983542 | C43: 53.576536 | D43: 80.006728 | E43: 34.42204 | F43: 50.10924 | G43: 75.165521 | H43: 32.998711 | I43: 42.108868 | J43: 54.602209 | K43: 30.69332 | L43: 38.935073 | M43: 51.761639 | N43: 28.770185 | O43: 33.002939 | P43: 38.918918 | Q43: 32.926498 | R43: 45.191381 | S43: 64.744586 | T43: 30.569517 | U43: 37.393595 | V43: 47.973778 | W43: 34.292179 | X43: 48.777653 | Y43: 72.614003 | Z43: 37.240272 | AA43: 59.198518 | AB43: 94.605852 | AC43: 43.782502 | AD43: 84.642613 | AE43: 150.74858
A44: 15030202 | B44: 41.867905 | C44: 69.173541 | D44: 98.418268 | E44: 42.99279 | F44: 82.145039 | G44: 130.89457 | H44: 46.68448 | I44: 95.981527 | J44: 171.28965 | K44: 34.377711 | L44: 64.228706 | M44: 105.48083 | N44: 37.552502 | O44: 71.278185 | P44: 122.11276 | Q44: 25.850094 | R44: 42.621283 | S44: 65.203657 | T44: 34.741721 | U44: 64.963436 | V44: 104.69321 | W44: 42.725163 | X44: 67.68807 | Y44: 98.437228 | Z44: 29.341248 | AA44: 52.65392 | AB44: 83.403831 | AC44: 41.321261 | AD44: 83.147187 | AE44: 145.80377
A45: 15030201 | B45: 78.623745 | C45: 143.66687 | D45: 220.67669 | E45: 81.053243 | F45: 158.55407 | G45: 258.90327 | H45: 89.317029 | I45: 183.68832 | J45: 318.45955 | K45: 67.178411 | L45: 137.62461 | M45: 244.44995 | N45: 68.861007 | O45: 135.09645 | P45: 229.49323 | Q45: 52.67069 | R45: 97.915556 | S45: 163.17848 | T45: 65.728556 | U45: 126.34709 | V45: 207.18588 | W45: 75.648372 | X45: 140.76883 | Y45: 218.15354 | Z45: 53.339526 | AA45: 97.407219 | AB45: 164.26798 | AC45: 78.71569 | AD45: 178.39934 | AE45: 334.77129
A46: 18100204 | B46: 471.94927 | C46: 522.97612 | D46: 606.20482 | E46: 464.97737 | F46: 504.14992 | G46: 568.32019 | H46: 460.51733 | I46: 481.0323 | J46: 512.25896 | K46: 464.63164 | L46: 508.81554 | M46: 583.94614 | N46: 454.4686 | O46: 467.85663 | P46: 489.72225 | Q46: 459.67364 | R46: 481.61088 | S46: 517.65051 | T46: 453.06654 | U46: 461.67768 | V46: 474.91619 | W46: 452.96884 | X46: 460.81245 | Y46: 472.42662 | Z46: 448.42671 | AA46: 449.9091 | AB46: 451.83563 | AC46: 447.98603 | AD46: 449.02413 | AE46: 450.55937
A47: 16060013 | B47: 32.775755 | C47: 61.449112 | D47: 103.6227 | E47: 28.906177 | F47: 53.309843 | G47: 90.411279 | H47: 26.357643 | I47: 45.889283 | J47: 75.025683 | K47: 21.58035 | L47: 36.440685 | M47: 60.182576 | N47: 19.59604 | O47: 31.263048 | P47: 48.343084 | Q47: 25.324706 | R47: 45.510173 | S47: 76.430817 | T47: 21.223992 | U47: 33.161504 | V47: 50.268096 | W47: 26.200463 | X47: 47.421457 | Y47: 78.651213 | Z47: 26.00434 | AA47: 51.375085 | AB47: 90.204548 | AC47: 32.695664 | AD47: 77.06177 | AE47: 147.51134
A48: 18090208 | B48: 29.690658 | C48: 48.827753 | D48: 75.697522 | E48: 25.846991 | F48: 41.167933 | G48: 64.706629 | H48: 24.197779 | I48: 39.70856 | J48: 60.950483 | K48: 25.432897 | L48: 46.720462 | M48: 81.304751 | N48: 20.865427 | O48: 32.113489 | P48: 48.859019 | Q48: 24.237765 | R48: 41.909738 | S48: 68.887211 | T48: 23.783949 | U48: 37.274986 | V48: 56.987467 | W48: 25.678675 | X48: 36.489479 | Y48: 48.873336 | Z48: 18.512887 | AA48: 24.910144 | AB48: 33.364447 | AC48: 16.467427 | AD48: 22.299268 | AE48: 29.838942
A49: 16060003 | B49: 24.697516 | C49: 52.707239 | D49: 97.433294 | E49: 22.243863 | F49: 49.36457 | G49: 94.498961 | H49: 20.291449 | I49: 36.009076 | J49: 58.382856 | K49: 16.165343 | L49: 32.067428 | M49: 58.164717 | N49: 12.391252 | O49: 19.221612 | P49: 28.900084 | Q49: 18.854635 | R49: 38.81716 | S49: 71.040216 | T49: 16.158541 | U49: 29.049333 | V49: 48.936043 | W49: 22.209631 | X49: 45.950181 | Y49: 84.133778 | Z49: 26.399451 | AA49: 62.263933 | AB49: 120.24783 | AC49: 35.124945 | AD49: 95.999086 | AE49: 195.16026
A50: 3050105 | B50: 1710.0787 | C50: 2658.6538 | D50: 3709.6942 | E50: 1694.9403 | F50: 2451.5842 | G50: 3109.0786 | H50: 1300.8905 | I50: 2138.2867 | J50: 2930.9535 | K50: 1309.1938 | L50: 2364.4435 | M50: 3658.9705 | N50: 1479.6817 | O50: 2245.7341 | P50: 3336.7557 | Q50: 1383.9779 | R50: 2158.9292 | S50: 2837.9473 | T50: 1703.5699 | U50: 2352.0811 | V50: 2940.0102 | W50: 2001.4934 | X50: 2574.8868 | Y50: 3256.7324 | Z50: 1918.7942 | AA50: 2537.388 | AB50: 3293.9306 | AC50: 1992.0176 | AD50: 2679.1378 | AE50: 3377.2442
A51: 16040201 | B51: 157.10878 | C51: 369.08032 | D51: 698.98742 | E51: 128.35952 | F51: 244.41992 | G51: 413.92173 | H51: 78.69623 | I51: 158.67378 | J51: 264.42051 | K51: 85.086833 | L51: 154.92715 | M51: 244.85612 | N51: 57.486221 | O51: 112.81661 | P51: 173.02207 | Q51: 76.41182 | R51: 149.30092 | S51: 232.85392 | T51: 64.805296 | U51: 126.0458 | V51: 203.75607 | W51: 92.49108 | X51: 160.84855 | Y51: 235.85873 | Z51: 73.815119 | AA51: 147.63441 | AB51: 252.21078 | AC51: 75.787923 | AD51: 165.97185 | AE51: 298.29679
A52: 14030005 | B52: 6387.6751 | C52: 8354.5458 | D52: 10633.928 | E52: 6888.1662 | F52: 9407.6179 | G52: 12246.744 | H52: 4535.7361 | I52: 6695.7876 | J52: 9377.4348 | K52: 4222.278 | L52: 6175.3804 | M52: 8543.794 | N52: 4118.323 | O52: 7071.0734 | P52: 10552.269 | Q52: 3001.537 | R52: 4904.1225 | S52: 6785.6849 | T52: 5432.2638 | U52: 7655.6447 | V52: 10563.138 | W52: 6978.3817 | X52: 10205.04 | Y52: 14032.373 | Z52: 3883.8983 | AA52: 6389.2579 | AB52: 8466.1342 | AC52: 4232.9402 | AD52: 6874.6503 | AE52: 9662.7301
A53: 3050102 | B53: 435.39879 | C53: 693.30621 | D53: 941.47168 | E53: 457.27804 | F53: 654.89353 | G53: 834.1253 | H53: 394.03213 | I53: 599.98007 | J53: 799.86734 | K53: 408.67233 | L53: 665.88054 | M53: 1001.5269 | N53: 417.17424 | O53: 637.76577 | P53: 959.05173 | Q53: 398.23201 | R53: 606.96023 | S53: 801.95652 | T53: 433.40291 | U53: 617.13315 | V53: 765.09977 | W53: 527.6823 | X53: 702.59075 | Y53: 910.03331 | Z53: 534.95141 | AA53: 706.73945 | AB53: 930.70214 | AC53: 546.29472 | AD53: 724.0638 | AE53: 900.77019
A54: 16060010 | B54: 38.104007 | C54: 56.156431 | D54: 83.821126 | E54: 37.08055 | F54: 58.059299 | G54: 91.813133 | H54: 38.650536 | I54: 58.562558 | J54: 90.54098 | K54: 32.796571 | L54: 44.927845 | M54: 64.317587 | N54: 30.756588 | O54: 38.501959 | P54: 49.746837 | Q54: 35.461821 | R54: 50.57927 | S54: 73.11223 | T54: 36.631229 | U54: 58.153993 | V54: 93.441261 | W54: 38.201813 | X54: 57.399869 | Y54: 86.368224 | Z54: 37.695227 | AA54: 60.842982 | AB54: 96.435404 | AC54: 39.467313 | AD54: 66.417243 | AE54: 109.51946
A55: 11140205 | B55: 326.91602 | C55: 537.42603 | D55: 761.03745 | E55: 410.24978 | F55: 585.73339 | G55: 774.48649 | H55: 328.62178 | I55: 604.17137 | J55: 918.26769 | K55: 318.28055 | L55: 495.42642 | M55: 716.88279 | N55: 334.03485 | O55: 606.89862 | P55: 1002.5827 | Q55: 292.69075 | R55: 538.96323 | S55: 899.80117 | T55: 399.36155 | U55: 617.00083 | V55: 818.87353 | W55: 537.2307 | X55: 748.14578 | Y55: 1004.7272 | Z55: 330.46014 | AA55: 584.06234 | AB55: 963.56589 | AC55: 369.09988 | AD55: 603.2451 | AE55: 897.52574
A57: Table S8D. Water demand (Mgal/day) uncertainty results for RCP4.5 SSP1
A58: Sector | B58: Aquaculture | Q58: Domestic | AF58: Industrial and Mining | AU58: Irrigated Agriculture | BJ58: Livestock | BY58: Thermoelectric Power
A59: Climate Scenario | B59: CNRM | E59: HadGEM2 | H59: IPSL | K59: MRI-CGCM3 | N59: NorESM | Q59: CNRM | T59: HadGEM2 | W59: IPSL | Z59: MRI-CGCM3 | AC59: NorESM | AF59: CNRM | AI59: HadGEM2 | AL59: IPSL | AO59: MRI-CGCM3 | AR59: NorESM | AU59: CNRM | AX59: HadGEM2 | BA59: IPSL | BD59: MRI-CGCM3 | BG59: NorESM | BJ59: CNRM | BM59: HadGEM2 | BP59: IPSL | BS59: MRI-CGCM3 | BV59: NorESM | BY59: CNRM | CB59: HadGEM2 | CE59: IPSL | CH59: MRI-CGCM3 | CK59: NorESM
A60: HUC8 ID | B60: p10 | C60: p50 | D60: p90 | E60: p10 | F60: p50 | G60: p90 | H60: p10 | I60: p50 | J60: p90 | K60: p10 | L60: p50 | M60: p90 | N60: p10 | O60: p50 | P60: p90 | Q60: p10 | R60: p50 | S60: p90 | T60: p10 | U60: p50 | V60: p90 | W60: p10 | X60: p50 | Y60: p90 | Z60: p10 | AA60: p50 | AB60: p90 | AC60: p10 | AD60: p50 | AE60: p90 | AF60: p10 | AG60: p50 | AH60: p90 | AI60: p10 | AJ60: p50 | AK60: p90 | AL60: p10 | AM60: p50 | AN60: p90 | AO60: p10 | AP60: p50 | AQ60: p90 | AR60: p10 | AS60: p50 | AT60: p90 | AU60: p10 | AV60: p50 | AW60: p90 | AX60: p10 | AY60: p50 | AZ60: p90 | BA60: p10 | BB60: p50 | BC60: p90 | BD60: p10 | BE60: p50 | BF60: p90 | BG60: p10 | BH60: p50 | BI60: p90 | BJ60: p10 | BK60: p50 | BL60: p90 | BM60: p10 | BN60: p50 | BO60: p90 | BP60: p10 | BQ60: p50 | BR60: p90 | BS60: p10 | BT60: p50 | BU60: p90 | BV60: p10 | BW60: p50 | BX60: p90 | BY60: p10 | BZ60: p50 | CA60: p90 | CB60: p10 | CC60: p50 | CD60: p90 | CE60: p10 | CF60: p50 | CG60: p90 | CH60: p10 | CI60: p50 | CJ60: p90 | CK60: p10 | CL60: p50 | CM60: p90
A61: 16060011 | B61: 0.11730492 | C61: 0.12480785 | D61: 0.13188343 | E61: 0.11743717 | F61: 0.1247055 | G61: 0.13179704 | H61: 0.11731958 | I61: 0.12472177 | J61: 0.13181493 | K61: 0.11733238 | L61: 0.1247793 | M61: 0.13183282 | N61: 0.11732514 | O61: 0.12475281 | P61: 0.13176239 | Q61: 6.1730307 | R61: 6.7142427 | S61: 7.3765675 | T61: 5.9433126 | U61: 6.5566126 | V61: 7.1812765 | W61: 6.2893416 | X61: 7.1230119 | Y61: 7.9606027 | Z61: 5.6850003 | AA61: 6.2365822 | AB61: 6.844359 | AC61: 6.3822612 | AD61: 7.0908518 | AE61: 7.9222007 | AF61: 0 | AG61: 0 | AH61: 0 | AI61: 0 | AJ61: 0 | AK61: 0 | AL61: 0 | AM61: 0 | AN61: 0 | AO61: 0 | AP61: 0 | AQ61: 0 | AR61: 0 | AS61: 0 | AT61: 0 | AU61: 44.406781 | AV61: 69.190356 | AW61: 102.73772 | AX61: 59.149181 | AY61: 127.63214 | AZ61: 238.34389 | BA61: 112.45984 | BB61: 231.81032 | BC61: 428.73153 | BD61: 35.726388 | BE61: 59.273526 | BF61: 93.684751 | BG61: 84.810076 | BH61: 176.04029 | BI61: 324.17373 | BJ61: 0.2930136 | BK61: 0.29851456 | BL61: 0.30448809 | BM61: 0.29310885 | BN61: 0.29851059 | BO61: 0.30455336 | BP61: 0.29306287 | BQ61: 0.29846431 | BR61: 0.30450819 | BS61: 0.2930227 | BT61: 0.29843798 | BU61: 0.30448011 | BV61: 0.29297791 | BW61: 0.29851775 | BX61: 0.30441583 | BY61: 0 | BZ61: 0 | CA61: 0 | CB61: 0 | CC61: 0 | CD61: 0 | CE61: 0 | CF61: 0 | CG61: 0 | CH61: 0 | CI61: 0 | CJ61: 0 | CK61: 0 | CL61: 0 | CM61: 0
A62: 15030202 | B62: 20.839065 | C62: 22.224722 | D62: 23.508948 | E62: 20.858282 | F62: 22.252635 | G62: 23.510456 | H62: 20.846606 | I62: 22.219508 | J62: 23.49938 | K62: 20.837573 | L62: 22.216514 | M62: 23.497016 | N62: 20.864758 | O62: 22.230004 | P62: 23.514416 | Q62: 46.892361 | R62: 50.675174 | S62: 55.226345 | T62: 40.58431 | U62: 43.859615 | V62: 47.099214 | W62: 46.64146 | X62: 52.384329 | Y62: 59.092918 | Z62: 39.227661 | AA62: 42.479459 | AB62: 46.285301 | AC62: 44.120583 | AD62: 48.767565 | AE62: 54.198515 | AF62: 0 | AG62: 0 | AH62: 0 | AI62: 0 | AJ62: 0 | AK62: 0 | AL62: 0 | AM62: 0 | AN62: 0 | AO62: 0 | AP62: 0 | AQ62: 0 | AR62: 0 | AS62: 0 | AT62: 0 | AU62: 71.730841 | AV62: 100.08929 | AW62: 127.91393 | AX62: 22.206749 | AY62: 38.555916 | AZ62: 58.867733 | BA62: 183.88655 | BB62: 553.12115 | BC62: 1143.1894 | BD62: 29.683965 | BE62: 41.65717 | BF62: 56.326173 | BG62: 68.666244 | BH62: 114.41473 | BI62: 179.10435 | BJ62: 0.38023651 | BK62: 0.38837475 | BL62: 0.39732012 | BM62: 0.38019316 | BN62: 0.38836992 | BO62: 0.3971062 | BP62: 0.38018119 | BQ62: 0.38823015 | BR62: 0.39737867 | BS62: 0.38002573 | BT62: 0.38841568 | BU62: 0.39727309 | BV62: 0.38010971 | BW62: 0.38833588 | BX62: 0.39733657 | BY62: 1.620032 | BZ62: 1.8741726 | CA62: 2.1849591 | CB62: 1.6108025 | CC62: 1.8588053 | CD62: 2.1570667 | CE62: 1.5765613 | CF62: 1.8706038 | CG62: 2.2057584 | CH62: 1.567233 | CI62: 1.7753765 | CJ62: 2.0341687 | CK62: 1.6183353 | CL62: 1.8700176 | CM62: 2.1907342
A63: 15030201 | B63: 20.874592 | C63: 22.216431 | D63: 23.525242 | E63: 20.831956 | F63: 22.219992 | G63: 23.515004 | H63: 20.843071 | I63: 22.20375 | J63: 23.502642 | K63: 20.885564 | L63: 22.225421 | M63: 23.523076 | N63: 20.850937 | O63: 22.234137 | P63: 23.511702 | Q63: 46.988993 | R63: 50.72161 | S63: 55.201567 | T63: 40.586259 | U63: 43.848763 | V63: 47.244506 | W63: 46.662847 | X63: 52.266789 | Y63: 58.726087 | Z63: 39.176201 | AA63: 42.399589 | AB63: 46.236197 | AC63: 44.102112 | AD63: 48.769008 | AE63: 54.22977 | AF63: 0 | AG63: 0 | AH63: 0 | AI63: 0 | AJ63: 0 | AK63: 0 | AL63: 0 | AM63: 0 | AN63: 0 | AO63: 0 | AP63: 0 | AQ63: 0 | AR63: 0 | AS63: 0 | AT63: 0 | AU63: 71.324315 | AV63: 100.41395 | AW63: 128.34618 | AX63: 22.799387 | AY63: 38.941335 | AZ63: 58.852888 | BA63: 188.16168 | BB63: 551.73658 | BC63: 1141.1841 | BD63: 29.814889 | BE63: 41.943445 | BF63: 56.531981 | BG63: 69.720965 | BH63: 114.8418 | BI63: 180.58167 | BJ63: 0.37997834 | BK63: 0.38849275 | BL63: 0.39728694 | BM63: 0.3802059 | BN63: 0.38842761 | BO63: 0.39710429 | BP63: 0.38032242 | BQ63: 0.38834565 | BR63: 0.39716901 | BS63: 0.38019777 | BT63: 0.38842197 | BU63: 0.39712617 | BV63: 0.38028299 | BW63: 0.38834658 | BX63: 0.39706066 | BY63: 1.6194988 | BZ63: 1.8676905 | CA63: 2.1798842 | CB63: 1.6089289 | CC63: 1.8585285 | CD63: 2.1452434 | CE63: 1.5833342 | CF63: 1.8762767 | CG63: 2.2102982 | CH63: 1.5649762 | CI63: 1.7735412 | CJ63: 2.0334389 | CK63: 1.6195332 | CL63: 1.8698037 | CM63: 2.1926009
A64: 18100204 | B64: 21.394084 | C64: 22.449578 | D64: 23.398227 | E64: 21.388338 | F64: 22.433629 | G64: 23.380034 | H64: 21.390534 | I64: 22.431852 | J64: 23.364435 | K64: 21.41749 | L64: 22.456804 | M64: 23.373778 | N64: 21.402737 | O64: 22.435822 | P64: 23.366747 | Q64: 21.828511 | R64: 23.409208 | S64: 24.885464 | T64: 23.595516 | U64: 24.940026 | V64: 26.24368 | W64: 23.539929 | X64: 25.746745 | Y64: 27.743198 | Z64: 21.291948 | AA64: 22.581178 | AB64: 23.942168 | AC64: 23.219342 | AD64: 24.912859 | AE64: 26.637826 | AF64: 0 | AG64: 0 | AH64: 0 | AI64: 0 | AJ64: 0 | AK64: 0 | AL64: 0 | AM64: 0 | AN64: 0 | AO64: 0 | AP64: 0 | AQ64: 0 | AR64: 0 | AS64: 0 | AT64: 0 | AU64: 688.96094 | AV64: 1150.8541 | AW64: 1568.5404 | AX64: 872.93888 | AY64: 1537.9963 | AZ64: 2385.1439 | BA64: 4139.3807 | BB64: 8858.1257 | BC64: 15908.207 | BD64: 1276.1885 | BE64: 1993.1827 | BF64: 2700.0627 | BG64: 888.38338 | BH64: 1535.2934 | BI64: 2363.2512 | BJ64: 5.8398843 | BK64: 5.8622905 | BL64: 5.8932389 | BM64: 5.8395095 | BN64: 5.8623832 | BO64: 5.8936743 | BP64: 5.8396433 | BQ64: 5.8624289 | BR64: 5.893796 | BS64: 5.8398947 | BT64: 5.8623674 | BU64: 5.8939437 | BV64: 5.8394995 | BW64: 5.8626825 | BX64: 5.8942477 | BY64: 0 | BZ64: 0 | CA64: 0 | CB64: 0 | CC64: 0 | CD64: 0 | CE64: 0 | CF64: 0 | CG64: 0 | CH64: 0 | CI64: 0 | CJ64: 0 | CK64: 0 | CL64: 0 | CM64: 0
A65: 16060013 | B65: 0.11734231 | C65: 0.12482536 | D65: 0.13179253 | E65: 0.11735929 | F65: 0.12466834 | G65: 0.13167228 | H65: 0.11743795 | I65: 0.12479686 | J65: 0.1317185 | K65: 0.1174038 | L65: 0.12489152 | M65: 0.13177475 | N65: 0.11729911 | O65: 0.12477439 | P65: 0.13168236 | Q65: 6.1688129 | R65: 6.7056734 | S65: 7.344831 | T65: 5.9170652 | U65: 6.5531585 | V65: 7.1701162 | W65: 6.296857 | X65: 7.1279115 | Y65: 7.9657312 | Z65: 5.6769671 | AA65: 6.2322691 | AB65: 6.8562109 | AC65: 6.383214 | AD65: 7.0831967 | AE65: 7.9153496 | AF65: 0 | AG65: 0 | AH65: 0 | AI65: 0 | AJ65: 0 | AK65: 0 | AL65: 0 | AM65: 0 | AN65: 0 | AO65: 0 | AP65: 0 | AQ65: 0 | AR65: 0 | AS65: 0 | AT65: 0 | AU65: 44.260858 | AV65: 69.163189 | AW65: 103.4555 | AX65: 57.555724 | AY65: 127.91856 | AZ65: 237.35618 | BA65: 110.53772 | BB65: 234.59936 | BC65: 427.42062 | BD65: 36.50145 | BE65: 59.039252 | BF65: 93.867912 | BG65: 81.979194 | BH65: 173.66671 | BI65: 319.06798 | BJ65: 0.29314054 | BK65: 0.29862453 | BL65: 0.30455771 | BM65: 0.29305508 | BN65: 0.29857133 | BO65: 0.30444676 | BP65: 0.29309491 | BQ65: 0.29847307 | BR65: 0.30426581 | BS65: 0.29311447 | BT65: 0.29848109 | BU65: 0.30444493 | BV65: 0.29311918 | BW65: 0.29855724 | BX65: 0.30444076 | BY65: 0 | BZ65: 0 | CA65: 0 | CB65: 0 | CC65: 0 | CD65: 0 | CE65: 0 | CF65: 0 | CG65: 0 | CH65: 0 | CI65: 0 | CJ65: 0 | CK65: 0 | CL65: 0 | CM65: 0
A66: 18090208 | B66: 9.2793938 | C66: 9.7007697 | D66: 10.083975 | E66: 9.2787271 | F66: 9.6948746 | G66: 10.075351 | H66: 9.2862671 | I66: 9.6972206 | J66: 10.075239 | K66: 9.2852761 | L66: 9.6987096 | M66: 10.063364 | N66: 9.2823064 | O66: 9.6982238 | P66: 10.078171 | Q66: 354.9905 | R66: 390.68341 | S66: 431.87343 | T66: 397.19957 | U66: 431.97994 | V66: 463.98659 | W66: 426.39303 | X66: 473.40566 | Y66: 525.72666 | Z66: 362.5726 | AA66: 385.02149 | AB66: 413.4398 | AC66: 372.30821 | AD66: 410.83868 | AE66: 454.81227 | AF66: 0 | AG66: 0 | AH66: 0 | AI66: 0 | AJ66: 0 | AK66: 0 | AL66: 0 | AM66: 0 | AN66: 0 | AO66: 0 | AP66: 0 | AQ66: 0 | AR66: 0 | AS66: 0 | AT66: 0 | AU66: 278.67517 | AV66: 429.31378 | AW66: 600.47441 | AX66: 626.09918 | AY66: 1120.2065 | AZ66: 1841.7368 | BA66: 1465.6403 | BB66: 2916.4739 | BC66: 5126.1407 | BD66: 427.658 | BE66: 633.96761 | BF66: 920.18377 | BG66: 352.03556 | BH66: 644.58066 | BI66: 1105.7292 | BJ66: 6.393495 | BK66: 6.4087578 | BL66: 6.4254188 | BM66: 6.3936092 | BN66: 6.4087031 | BO66: 6.4253849 | BP66: 6.3926221 | BQ66: 6.4085884 | BR66: 6.4249638 | BS66: 6.3932311 | BT66: 6.4087018 | BU66: 6.4253784 | BV66: 6.392968 | BW66: 6.4085082 | BX66: 6.4253956 | BY66: 4.7215562 | BZ66: 5.6061983 | CA66: 6.7615881 | CB66: 4.6490412 | CC66: 5.4924593 | CD66: 6.5116481 | CE66: 4.3931602 | CF66: 5.2937784 | CG66: 6.2258016 | CH66: 4.3873462 | CI66: 5.2100805 | CJ66: 6.2267096 | CK66: 4.7328934 | CL66: 5.6146797 | CM66: 6.7589088
A67: 16060003 | B67: 0.078241748 | C67: 0.083307173 | D67: 0.087848845 | E67: 0.078190597 | F67: 0.083082788 | G67: 0.087847859 | H67: 0.078316649 | I67: 0.08318248 | J67: 0.087827681 | K67: 0.078234018 | L67: 0.083173746 | M67: 0.087849966 | N67: 0.078211946 | O67: 0.083144456 | P67: 0.087779226 | Q67: 4.3079846 | R67: 4.6658495 | S67: 5.1051598 | T67: 4.1265219 | U67: 4.5481678 | V67: 4.9683418 | W67: 4.3920333 | X67: 4.9746112 | Y67: 5.5422502 | Z67: 3.9533253 | AA67: 4.324425 | AB67: 4.735033 | AC67: 4.450528 | AD67: 4.9304566 | AE67: 5.4914065 | AF67: 0 | AG67: 0 | AH67: 0 | AI67: 0 | AJ67: 0 | AK67: 0 | AL67: 0 | AM67: 0 | AN67: 0 | AO67: 0 | AP67: 0 | AQ67: 0 | AR67: 0 | AS67: 0 | AT67: 0 | AU67: 31.152982 | AV67: 48.738257 | AW67: 72.249574 | AX67: 41.989001 | AY67: 93.514277 | AZ67: 174.54791 | BA67: 81.271563 | BB67: 169.5216 | BC67: 309.41981 | BD67: 25.503665 | BE67: 41.510315 | BF67: 65.772612 | BG67: 59.083893 | BH67: 127.79517 | BI67: 232.58345 | BJ67: 0.20417624 | BK67: 0.20792094 | BL67: 0.21207775 | BM67: 0.20414227 | BN67: 0.20795151 | BO67: 0.21211001 | BP67: 0.20410687 | BQ67: 0.20792999 | BR67: 0.21209748 | BS67: 0.20412261 | BT67: 0.20790056 | BU67: 0.21206415 | BV67: 0.20408791 | BW67: 0.20792896 | BX67: 0.21211193 | BY67: 0 | BZ67: 0 | CA67: 0 | CB67: 0 | CC67: 0 | CD67: 0 | CE67: 0 | CF67: 0 | CG67: 0 | CH67: 0 | CI67: 0 | CJ67: 0 | CK67: 0 | CL67: 0 | CM67: 0
A68: 3050105 | B68: 66.923816 | C68: 71.450723 | D68: 75.719691 | E68: 66.930297 | F68: 71.481939 | G68: 75.713392 | H68: 66.969251 | I68: 71.497094 | J68: 75.776936 | K68: 67.022372 | L68: 71.485773 | M68: 75.786354 | N68: 67.030342 | O68: 71.536014 | P68: 75.801878 | Q68: 12.36209 | R68: 13.702735 | S68: 15.279838 | T68: 9.3616082 | U68: 10.728068 | V68: 12.144178 | W68: 12.565813 | X68: 13.683377 | Y68: 14.673568 | Z68: 12.02339 | AA68: 12.876835 | AB68: 13.673595 | AC68: 12.341705 | AD68: 13.179156 | AE68: 14.030715 | AF68: 3.0551998 | AG68: 3.2445254 | AH68: 3.449903 | AI68: 3.0560542 | AJ68: 3.2454416 | AK68: 3.4488245 | AL68: 3.0570737 | AM68: 3.2452097 | AN68: 3.4478662 | AO68: 3.0582779 | AP68: 3.2427621 | AQ68: 3.443935 | AR68: 3.0552098 | AS68: 3.2505702 | AT68: 3.4497672 | AU68: 3.4040363 | AV68: 4.9602501 | AW68: 7.0330906 | AX68: 1.4977502 | AY68: 2.0384559 | AZ68: 2.5931317 | BA68: 4.338466 | BB68: 5.3999121 | BC68: 6.7435463 | BD68: 2.7037556 | BE68: 3.4579924 | BF68: 4.1370564 | BG68: 2.6951868 | BH68: 3.2430409 | BI68: 3.8656858 | BJ68: 0.24040992 | BK68: 0.2469049 | BL68: 0.25342569 | BM68: 0.24053478 | BN68: 0.2469847 | BO68: 0.25356602 | BP68: 0.24053973 | BQ68: 0.24699586 | BR68: 0.25375623 | BS68: 0.24035986 | BT68: 0.24692364 | BU68: 0.2536028 | BV68: 0.24054544 | BW68: 0.24699496 | BX68: 0.25376064 | BY68: 4.570728 | BZ68: 5.3101717 | CA68: 6.2796804 | CB68: 4.9787454 | CC68: 6.1087206 | CD68: 7.3927068 | CE68: 4.8491644 | CF68: 5.6317709 | CG68: 6.7341728 | CH68: 4.4062835 | CI68: 5.0731894 | CJ68: 5.8483508 | CK68: 4.5687296 | CL68: 5.303291 | CM68: 6.29161
A69: 16040201 | B69: 0 | C69: 0 | D69: 0 | E69: 0 | F69: 0 | G69: 0 | H69: 0 | I69: 0 | J69: 0 | K69: 0 | L69: 0 | M69: 0 | N69: 0 | O69: 0 | P69: 0 | Q69: 3.0658467 | R69: 3.2041709 | S69: 3.3554488 | T69: 3.1704997 | U69: 3.2880068 | V69: 3.41005 | W69: 3.1455453 | X69: 3.3055147 | Y69: 3.4764384 | Z69: 2.9731868 | AA69: 3.1019814 | AB69: 3.2297672 | AC69: 3.2598103 | AD69: 3.4022025 | AE69: 3.6024271 | AF69: 0 | AG69: 0 | AH69: 0 | AI69: 0 | AJ69: 0 | AK69: 0 | AL69: 0 | AM69: 0 | AN69: 0 | AO69: 0 | AP69: 0 | AQ69: 0 | AR69: 0 | AS69: 0 | AT69: 0 | AU69: 329.28927 | AV69: 422.67889 | AW69: 546.37647 | AX69: 334.28788 | AY69: 533.6911 | AZ69: 822.41003 | BA69: 527.28619 | BB69: 809.98934 | BC69: 1221.0745 | BD69: 184.96519 | BE69: 246.16765 | BF69: 323.96743 | BG69: 516.50721 | BH69: 856.15855 | BI69: 1345.7278 | BJ69: 0.88640006 | BK69: 0.89491965 | BL69: 0.90543024 | BM69: 0.88648742 | BN69: 0.89483215 | BO69: 0.90510254 | BP69: 0.88643864 | BQ69: 0.89488101 | BR69: 0.90513551 | BS69: 0.8864591 | BT69: 0.89479369 | BU69: 0.90514495 | BV69: 0.88645866 | BW69: 0.89480599 | BX69: 0.90486614 | BY69: 0.81526695 | BZ69: 0.91693258 | CA69: 1.0327944 | CB69: 0.80582323 | CC69: 0.91054021 | CD69: 1.0211882 | CE69: 0.79350318 | CF69: 0.89320392 | CG69: 0.99576743 | CH69: 0.78891513 | CI69: 0.88911525 | CJ69: 0.99229753 | CK69: 0.81615399 | CL69: 0.91687635 | CM69: 1.0350884
A70: 14030005 | B70: 0.053200235 | C70: 0.056625311 | D70: 0.059774667 | E70: 0.053281849 | F70: 0.056690877 | G70: 0.059833372 | H70: 0.053256884 | I70: 0.056614285 | J70: 0.059798699 | K70: 0.053244243 | L70: 0.056649683 | M70: 0.059762504 | N70: 0.053195385 | O70: 0.056600889 | P70: 0.059742234 | Q70: 2.1761265 | R70: 2.272206 | S70: 2.3656606 | T70: 1.9325149 | U70: 2.0420993 | V70: 2.1617719 | W70: 2.0275629 | X70: 2.2398547 | Y70: 2.4721024 | Z70: 1.933235 | AA70: 2.0298469 | AB70: 2.131414 | AC70: 2.1545523 | AD70: 2.2715139 | AE70: 2.4083342 | AF70: 0.058688122 | AG70: 0.063224453 | AH70: 0.067949799 | AI70: 0.058744319 | AJ70: 0.063199038 | AK70: 0.067885077 | AL70: 0.058686076 | AM70: 0.063162073 | AN70: 0.067941414 | AO70: 0.058675248 | AP70: 0.063174693 | AQ70: 0.067914107 | AR70: 0.058560903 | AS70: 0.063204378 | AT70: 0.06797639 | AU70: 24.504259 | AV70: 34.725657 | AW70: 46.984819 | AX70: 8.9111133 | AY70: 14.676493 | AZ70: 22.978693 | BA70: 29.752281 | BB70: 68.727386 | BC70: 131.67567 | BD70: 12.266955 | BE70: 15.675885 | BF70: 19.888716 | BG70: 28.518009 | BH70: 53.857918 | BI70: 94.149215 | BJ70: 0.10393434 | BK70: 0.10578847 | BL70: 0.10787913 | BM70: 0.1039121 | BN70: 0.10576903 | BO70: 0.10783003 | BP70: 0.10392142 | BQ70: 0.10576953 | BR70: 0.10791843 | BS70: 0.1039371 | BT70: 0.10579303 | BU70: 0.1078481 | BV70: 0.10394324 | BW70: 0.10580259 | BX70: 0.10790204 | BY70: 0 | BZ70: 0 | CA70: 0 | CB70: 0 | CC70: 0 | CD70: 0 | CE70: 0 | CF70: 0 | CG70: 0 | CH70: 0 | CI70: 0 | CJ70: 0 | CK70: 0 | CL70: 0 | CM70: 0
A71: 3050102 | B71: 1.7074821 | C71: 1.8365944 | D71: 1.9560315 | E71: 1.7062296 | F71: 1.8333325 | G71: 1.9578676 | H71: 1.7062772 | I71: 1.8356096 | J71: 1.9570234 | K71: 1.7081082 | L71: 1.8367978 | M71: 1.9559657 | N71: 1.7058606 | O71: 1.8375527 | P71: 1.9587155 | Q71: 8.1273732 | R71: 9.1113715 | S71: 10.312074 | T71: 5.4495668 | U71: 6.4991953 | V71: 7.4944648 | W71: 8.0677306 | X71: 9.0266631 | Y71: 9.8460166 | Z71: 7.6445493 | AA71: 8.3713618 | AB71: 9.0630386 | AC71: 7.9827844 | AD71: 8.6786102 | AE71: 9.4532993 | AF71: 0.15761723 | AG71: 0.16514529 | AH71: 0.17328304 | AI71: 0.15770228 | AJ71: 0.16533488 | AK71: 0.17336572 | AL71: 0.15786077 | AM71: 0.16526502 | AN71: 0.17341383 | AO71: 0.15760879 | AP71: 0.16532527 | AQ71: 0.17322866 | AR71: 0.15772006 | AS71: 0.16531034 | AT71: 0.17344147 | AU71: 4.5697788 | AV71: 6.7084395 | AW71: 9.5756971 | AX71: 1.9334251 | AY71: 2.6516463 | AZ71: 3.3544092 | BA71: 5.2554031 | BB71: 6.5948626 | BC71: 8.2224698 | BD71: 3.3273538 | BE71: 4.2465734 | BF71: 5.0433341 | BG71: 3.5277564 | BH71: 4.2925114 | BI71: 5.1407351 | BJ71: 0.40267816 | BK71: 0.41397757 | BL71: 0.42569018 | BM71: 0.40288467 | BN71: 0.41394325 | BO71: 0.4254799 | BP71: 0.40272559 | BQ71: 0.41399105 | BR71: 0.42550194 | BS71: 0.40261356 | BT71: 0.41408552 | BU71: 0.4257916 | BV71: 0.40300536 | BW71: 0.41412079 | BX71: 0.4257023 | BY71: 4.1497671 | BZ71: 4.8231643 | CA71: 5.7187516 | CB71: 4.5053065 | CC71: 5.5370661 | CD71: 6.6823623 | CE71: 4.3756692 | CF71: 5.0815622 | CG71: 6.0652116 | CH71: 3.9827027 | CI71: 4.5982675 | CJ71: 5.3145627 | CK71: 4.1699221 | CL71: 4.8228402 | CM71: 5.7359221
A72: 16060010 | B72: 17.200312 | C72: 18.006754 | D72: 18.726116 | E72: 17.19776 | F72: 17.997224 | G72: 18.740586 | H72: 17.207818 | I72: 18.007085 | J72: 18.750847 | K72: 17.204113 | L72: 18.001591 | M72: 18.731405 | N72: 17.21572 | O72: 17.997607 | P72: 18.741552 | Q72: 0.91845694 | R72: 0.9849039 | S72: 1.0585645 | T72: 0.91602068 | U72: 0.97912682 | V72: 1.0347441 | W72: 0.99496034 | X72: 1.0839912 | Y72: 1.1845974 | Z72: 0.83982303 | AA72: 0.89132613 | AB72: 0.94340254 | AC72: 0.92639951 | AD72: 0.99725895 | AE72: 1.0843206 | AF72: 0 | AG72: 0 | AH72: 0 | AI72: 0 | AJ72: 0 | AK72: 0 | AL72: 0 | AM72: 0 | AN72: 0 | AO72: 0 | AP72: 0 | AQ72: 0 | AR72: 0 | AS72: 0 | AT72: 0 | AU72: 24.473653 | AV72: 37.281135 | AW72: 53.247184 | AX72: 36.451615 | AY72: 77.533463 | AZ72: 143.82778 | BA72: 74.414085 | BB72: 156.50104 | BC72: 290.18514 | BD72: 21.213062 | BE72: 32.990685 | BF72: 49.786213 | BG72: 37.45595 | BH72: 84.828774 | BI72: 158.61401 | BJ72: 0.09281949 | BK72: 0.093237701 | BL72: 0.093823984 | BM72: 0.092816331 | BN72: 0.093237637 | BO72: 0.093806796 | BP72: 0.092817159 | BQ72: 0.093241932 | BR72: 0.09380817 | BS72: 0.092820848 | BT72: 0.093231735 | BU72: 0.093818484 | BV72: 0.092816054 | BW72: 0.093233395 | BX72: 0.093813376 | BY72: 0 | BZ72: 0 | CA72: 0 | CB72: 0 | CC72: 0 | CD72: 0 | CE72: 0 | CF72: 0 | CG72: 0 | CH72: 0 | CI72: 0 | CJ72: 0 | CK72: 0 | CL72: 0 | CM72: 0
A73: 11140205 | B73: 1.2311578 | C73: 1.2878139 | D73: 1.3411098 | E73: 1.2326623 | F73: 1.2889758 | G73: 1.3411848 | H73: 1.2313865 | I73: 1.2888114 | J73: 1.3416537 | K73: 1.2327351 | L73: 1.2889163 | M73: 1.3421406 | N73: 1.2300496 | O73: 1.2889099 | P73: 1.3413069 | Q73: 3.4080321 | R73: 3.8782638 | S73: 4.3891265 | T73: 3.4121533 | U73: 3.9337497 | V73: 4.6172982 | W73: 3.1287681 | X73: 3.625888 | Y73: 4.0739156 | Z73: 3.0592361 | AA73: 3.4168598 | AB73: 3.807868 | AC73: 3.3470514 | AD73: 3.7889448 | AE73: 4.2898396 | AF73: 0.016843345 | AG73: 0.017595829 | AH73: 0.018400942 | AI73: 0.01686006 | AJ73: 0.017605932 | AK73: 0.018399486 | AL73: 0.016859228 | AM73: 0.017594212 | AN73: 0.018380041 | AO73: 0.016876098 | AP73: 0.017596278 | AQ73: 0.018394334 | AR73: 0.016872209 | AS73: 0.017598839 | AT73: 0.018386265 | AU73: 3.5321113 | AV73: 4.9495181 | AW73: 6.7764972 | AX73: 3.457323 | AY73: 5.8961635 | AZ73: 9.3441005 | BA73: 2.7319545 | BB73: 4.0314781 | BC73: 5.7370799 | BD73: 3.0549591 | BE73: 4.0903928 | BF73: 5.3833759 | BG73: 3.2095089 | BH73: 4.322799 | BI73: 5.8357774 | BJ73: 0.42916213 | BK73: 0.43147904 | BL73: 0.43470233 | BM73: 0.4292055 | BN73: 0.43153402 | BO73: 0.43474934 | BP73: 0.42907424 | BQ73: 0.43143906 | BR73: 0.43467933 | BS73: 0.42917511 | BT73: 0.43151128 | BU73: 0.43476429 | BV73: 0.42917513 | BW73: 0.43146713 | BX73: 0.43465102 | BY73: 1.0864379 | BZ73: 1.3216193 | CA73: 1.6361103 | CB73: 1.1104659 | CC73: 1.378356 | CD73: 1.6938738 | CE73: 1.1873879 | CF73: 1.4216879 | CG73: 1.738269 | CH73: 0.98214189 | CI73: 1.1655649 | CJ73: 1.3620184 | CK73: 1.0907688 | CL73: 1.3174662 | CM73: 1.6350875
A75: Table S8E. Water demand (Mgal/day) uncertainty results for RCP8.5 SSP2
A76: Sector | B76: Aquaculture | Q76: Domestic | AF76: Industrial and Mining | AU76: Irrigated Agriculture | BJ76: Livestock | BY76: Thermoelectric Power
A77: Climate Scenario | B77: CNRM | E77: HadGEM2 | H77: IPSL | K77: MRI-CGCM3 | N77: NorESM | Q77: CNRM | T77: HadGEM2 | W77: IPSL | Z77: MRI-CGCM3 | AC77: NorESM | AF77: CNRM | AI77: HadGEM2 | AL77: IPSL | AO77: MRI-CGCM3 | AR77: NorESM | AU77: CNRM | AX77: HadGEM2 | BA77: IPSL | BD77: MRI-CGCM3 | BG77: NorESM | BJ77: CNRM | BM77: HadGEM2 | BP77: IPSL | BS77: MRI-CGCM3 | BV77: NorESM | BY77: CNRM | CB77: HadGEM2 | CE77: IPSL | CH77: MRI-CGCM3 | CK77: NorESM
A78: HUC8 ID | B78: p10 | C78: p50 | D78: p90 | E78: p10 | F78: p50 | G78: p90 | H78: p10 | I78: p50 | J78: p90 | K78: p10 | L78: p50 | M78: p90 | N78: p10 | O78: p50 | P78: p90 | Q78: p10 | R78: p50 | S78: p90 | T78: p10 | U78: p50 | V78: p90 | W78: p10 | X78: p50 | Y78: p90 | Z78: p10 | AA78: p50 | AB78: p90 | AC78: p10 | AD78: p50 | AE78: p90 | AF78: p10 | AG78: p50 | AH78: p90 | AI78: p10 | AJ78: p50 | AK78: p90 | AL78: p10 | AM78: p50 | AN78: p90 | AO78: p10 | AP78: p50 | AQ78: p90 | AR78: p10 | AS78: p50 | AT78: p90 | AU78: p10 | AV78: p50 | AW78: p90 | AX78: p10 | AY78: p50 | AZ78: p90 | BA78: p10 | BB78: p50 | BC78: p90 | BD78: p10 | BE78: p50 | BF78: p90 | BG78: p10 | BH78: p50 | BI78: p90 | BJ78: p10 | BK78: p50 | BL78: p90 | BM78: p10 | BN78: p50 | BO78: p90 | BP78: p10 | BQ78: p50 | BR78: p90 | BS78: p10 | BT78: p50 | BU78: p90 | BV78: p10 | BW78: p50 | BX78: p90 | BY78: p10 | BZ78: p50 | CA78: p90 | CB78: p10 | CC78: p50 | CD78: p90 | CE78: p10 | CF78: p50 | CG78: p90 | CH78: p10 | CI78: p50 | CJ78: p90 | CK78: p10 | CL78: p50 | CM78: p90
A79: 16060011 | B79: 0.078832353 | C79: 0.083844077 | D79: 0.088409008 | E79: 0.078806628 | F79: 0.083776449 | G79: 0.088347045 | H79: 0.078816885 | I79: 0.083803697 | J79: 0.088419452 | K79: 0.078812535 | L79: 0.083785632 | M79: 0.088406971 | N79: 0.078834403 | O79: 0.083839975 | P79: 0.088392364 | Q79: 6.5780754 | R79: 7.1159275 | S79: 7.7538308 | T79: 6.4257245 | U79: 7.0284383 | V79: 7.6830037 | W79: 5.7953638 | X79: 6.2774687 | Y79: 6.8589199 | Z79: 5.8900109 | AA79: 6.5048597 | AB79: 7.004385 | AC79: 5.5444404 | AD79: 6.1158707 | AE79: 6.7177319 | AF79: 0 | AG79: 0 | AH79: 0 | AI79: 0 | AJ79: 0 | AK79: 0 | AL79: 0 | AM79: 0 | AN79: 0 | AO79: 0 | AP79: 0 | AQ79: 0 | AR79: 0 | AS79: 0 | AT79: 0 | AU79: 47.340008 | AV79: 72.306681 | AW79: 102.86204 | AX79: 51.069412 | AY79: 74.842512 | AZ79: 105.99029 | BA79: 9.8061895 | BB79: 16.224781 | BC79: 25.162967 | BD79: 46.290235 | BE79: 63.849631 | BF79: 83.854143 | BG79: 12.812587 | BH79: 25.542356 | BI79: 44.579802 | BJ79: 0.20228343 | BK79: 0.2065367 | BL79: 0.21064029 | BM79: 0.20235066 | BN79: 0.20666135 | BO79: 0.21069774 | BP79: 0.20224931 | BQ79: 0.20649179 | BR79: 0.21055151 | BS79: 0.20232786 | BT79: 0.20653951 | BU79: 0.21063638 | BV79: 0.2023474 | BW79: 0.20654432 | BX79: 0.21062933 | BY79: 0 | BZ79: 0 | CA79: 0 | CB79: 0 | CC79: 0 | CD79: 0 | CE79: 0 | CF79: 0 | CG79: 0 | CH79: 0 | CI79: 0 | CJ79: 0 | CK79: 0 | CL79: 0 | CM79: 0
A80: 15030202 | B80: 19.60219 | C80: 20.872814 | D80: 22.013782 | E80: 19.646797 | F80: 20.896747 | G80: 22.029838 | H80: 19.638101 | I80: 20.858523 | J80: 22.00599 | K80: 19.62838 | L80: 20.872629 | M80: 22.029889 | N80: 19.60339 | O80: 20.856326 | P80: 22.009703 | Q80: 46.085393 | R80: 49.09594 | S80: 52.244755 | T80: 44.861915 | U80: 48.288542 | V80: 51.353205 | W80: 42.509826 | X80: 45.265614 | Y80: 48.279866 | Z80: 41.057631 | AA80: 44.593013 | AB80: 47.90273 | AC80: 39.55566 | AD80: 43.933273 | AE80: 48.700232 | AF80: 0 | AG80: 0 | AH80: 0 | AI80: 0 | AJ80: 0 | AK80: 0 | AL80: 0 | AM80: 0 | AN80: 0 | AO80: 0 | AP80: 0 | AQ80: 0 | AR80: 0 | AS80: 0 | AT80: 0 | AU80: 45.706204 | AV80: 78.43281 | AW80: 120.2822 | AX80: 41.129416 | AY80: 63.819144 | AZ80: 98.08155 | BA80: 22.321358 | BB80: 36.23262 | BC80: 55.001598 | BD80: 39.296085 | BE80: 57.681505 | BF80: 78.802289 | BG80: 15.813853 | BH80: 28.355385 | BI80: 44.083245 | BJ80: 0.36425295 | BK80: 0.37205756 | BL80: 0.37944934 | BM80: 0.36409658 | BN80: 0.37194868 | BO80: 0.37928505 | BP80: 0.36408106 | BQ80: 0.37196183 | BR80: 0.37921949 | BS80: 0.36422766 | BT80: 0.37209122 | BU80: 0.37949811 | BV80: 0.36416093 | BW80: 0.37214566 | BX80: 0.37933827 | BY80: 1.5568279 | BZ80: 1.8304819 | CA80: 2.1810723 | CB80: 1.3898837 | CC80: 1.5231189 | CD80: 1.6546953 | CE80: 1.6699936 | CF80: 1.9856237 | CG80: 2.3757868 | CH80: 1.5392062 | CI80: 1.7296507 | CJ80: 1.9613491 | CK80: 1.6134946 | CL80: 1.836225 | CM80: 2.0997929
A81: 15030201 | B81: 19.622584 | C81: 20.899197 | D81: 22.037041 | E81: 19.612314 | F81: 20.888817 | G81: 22.037934 | H81: 19.598454 | I81: 20.869805 | J81: 22.020758 | K81: 19.620148 | L81: 20.884067 | M81: 22.040153 | N81: 19.642643 | O81: 20.863092 | P81: 22.005137 | Q81: 46.112284 | R81: 49.028678 | S81: 52.237846 | T81: 44.954008 | U81: 48.25016 | V81: 51.315435 | W81: 42.582707 | X81: 45.307826 | Y81: 48.257247 | Z81: 41.013419 | AA81: 44.519687 | AB81: 47.805961 | AC81: 39.619178 | AD81: 43.896878 | AE81: 48.688432 | AF81: 0 | AG81: 0 | AH81: 0 | AI81: 0 | AJ81: 0 | AK81: 0 | AL81: 0 | AM81: 0 | AN81: 0 | AO81: 0 | AP81: 0 | AQ81: 0 | AR81: 0 | AS81: 0 | AT81: 0 | AU81: 46.226522 | AV81: 78.303532 | AW81: 120.30967 | AX81: 41.182007 | AY81: 63.905193 | AZ81: 97.612121 | BA81: 22.534713 | BB81: 36.425242 | BC81: 55.003626 | BD81: 38.998447 | BE81: 57.90797 | BF81: 78.88502 | BG81: 15.508741 | BH81: 27.850451 | BI81: 43.824682 | BJ81: 0.36406294 | BK81: 0.37196897 | BL81: 0.37924938 | BM81: 0.36410148 | BN81: 0.37199711 | BO81: 0.37924447 | BP81: 0.36419633 | BQ81: 0.37196089 | BR81: 0.37930816 | BS81: 0.36414577 | BT81: 0.3719819 | BU81: 0.379379 | BV81: 0.36401336 | BW81: 0.37199228 | BX81: 0.37927781 | BY81: 1.5515651 | BZ81: 1.8239618 | CA81: 2.1875073 | CB81: 1.3932729 | CC81: 1.5247147 | CD81: 1.6570202 | CE81: 1.6715764 | CF81: 1.9811766 | CG81: 2.3793523 | CH81: 1.5385325 | CI81: 1.7303439 | CJ81: 1.960169 | CK81: 1.6123149 | CL81: 1.8320925 | CM81: 2.0975164
A82: 18100204 | B82: 13.30488 | C82: 13.869276 | D82: 14.37204 | E82: 13.302967 | F82: 13.875257 | G82: 14.374128 | H82: 13.296001 | I82: 13.870264 | J82: 14.370739 | K82: 13.295664 | L82: 13.869687 | M82: 14.371946 | N82: 13.291158 | O82: 13.881516 | P82: 14.376866 | Q82: 25.543218 | R82: 26.71621 | S82: 27.824501 | T82: 23.968018 | U82: 25.653459 | V82: 27.102558 | W82: 23.698994 | X82: 24.476525 | Y82: 25.243612 | Z82: 22.561814 | AA82: 23.587768 | AB82: 24.478526 | AC82: 21.507758 | AD82: 23.628848 | AE82: 25.410256 | AF82: 0 | AG82: 0 | AH82: 0 | AI82: 0 | AJ82: 0 | AK82: 0 | AL82: 0 | AM82: 0 | AN82: 0 | AO82: 0 | AP82: 0 | AQ82: 0 | AR82: 0 | AS82: 0 | AT82: 0 | AU82: 1469.455 | AV82: 2965.8014 | AW82: 5042.7967 | AX82: 1068.4828 | AY82: 1827.1395 | AZ82: 2898.6486 | BA82: 480.91752 | BB82: 867.04186 | BC82: 1363.9771 | BD82: 1572.073 | BE82: 2426.4086 | BF82: 3358.8117 | BG82: 697.2428 | BH82: 1524.2 | BI82: 2663.9648 | BJ82: 3.6345168 | BK82: 3.6414008 | BL82: 3.6470247 | BM82: 3.6343722 | BN82: 3.6414484 | BO82: 3.6470325 | BP82: 3.6343977 | BQ82: 3.6413987 | BR82: 3.6470834 | BS82: 3.6343733 | BT82: 3.6415199 | BU82: 3.6470827 | BV82: 3.6344548 | BW82: 3.6413896 | BX82: 3.6470821 | BY82: 0 | BZ82: 0 | CA82: 0 | CE82: 0 | CF82: 0 | CG82: 0 | CH82: 0 | CI82: 0 | CJ82: 0 | CK82: 0 | CL82: 0 | CM82: 0
A83: 16060013 | B83: 0.078714938 | C83: 0.083854849 | D83: 0.088429793 | E83: 0.078853484 | F83: 0.083847929 | G83: 0.088462179 | H83: 0.078866518 | I83: 0.083858709 | J83: 0.088307445 | K83: 0.078792044 | L83: 0.08382338 | M83: 0.088381671 | N83: 0.07880063 | O83: 0.083813261 | P83: 0.088366111 | Q83: 6.5795644 | R83: 7.1204324 | S83: 7.7553808 | T83: 6.425443 | U83: 7.0328072 | V83: 7.6790684 | W83: 5.7968521 | X83: 6.2790003 | Y83: 6.8493866 | Z83: 5.8908117 | AA83: 6.506736 | AB83: 7.0037801 | AC83: 5.5341734 | AD83: 6.1170189 | AE83: 6.713861 | AF83: 0 | AG83: 0 | AH83: 0 | AI83: 0 | AJ83: 0 | AK83: 0 | AL83: 0 | AM83: 0 | AN83: 0 | AO83: 0 | AP83: 0 | AQ83: 0 | AR83: 0 | AS83: 0 | AT83: 0 | AU83: 47.434973 | AV83: 71.947155 | AW83: 103.21156 | AX83: 50.691625 | AY83: 75.008112 | AZ83: 105.74132 | BA83: 10.019436 | BB83: 16.343584 | BC83: 25.092187 | BD83: 46.187167 | BE83: 63.858053 | BF83: 84.04819 | BG83: 12.624608 | BH83: 25.620127 | BI83: 44.252005 | BJ83: 0.20231075 | BK83: 0.20657881 | BL83: 0.21061467 | BM83: 0.20241282 | BN83: 0.20665451 | BO83: 0.21070019 | BP83: 0.20229068 | BQ83: 0.20656712 | BR83: 0.21067278 | BS83: 0.20234517 | BT83: 0.20652572 | BU83: 0.21054405 | BV83: 0.20229797 | BW83: 0.20656331 | BX83: 0.21054594 | BY83: 0 | BZ83: 0 | CA83: 0 | CB83: 0 | CC83: 0 | CD83: 0 | CE83: 0 | CF83: 0 | CG83: 0 | CH83: 0 | CI83: 0 | CJ83: 0 | CK83: 0 | CL83: 0 | CM83: 0
A84: 18090208 | B84: 7.3998845 | C84: 7.7073548 | D84: 7.9720552 | E84: 7.3931835 | F84: 7.7061116 | G84: 7.9688978 | H84: 7.3965718 | I84: 7.7008819 | J84: 7.9702982 | K84: 7.3920358 | L84: 7.7059506 | M84: 7.9707279 | N84: 7.3921245 | O84: 7.7037489 | P84: 7.9697673 | Q84: 412.47366 | R84: 441.76427 | S84: 468.00309 | T84: 424.00259 | U84: 460.57027 | V84: 493.33629 | W84: 358.60823 | X84: 389.12207 | Y84: 424.72993 | Z84: 369.09948 | AA84: 391.36996 | AB84: 415.40398 | AC84: 370.10863 | AD84: 399.42125 | AE84: 424.88455 | AF84: 0 | AG84: 0 | AH84: 0 | AI84: 0 | AJ84: 0 | AK84: 0 | AL84: 0 | AM84: 0 | AN84: 0 | AO84: 0 | AP84: 0 | AQ84: 0 | AR84: 0 | AS84: 0 | AT84: 0 | AU84: 427.10426 | AV84: 725.9351 | AW84: 1151.8419 | AX84: 1080.1615 | AY84: 1704.3407 | AZ84: 2431.9136 | BA84: 131.60437 | BB84: 224.18594 | BC84: 334.55335 | BD84: 613.00731 | BE84: 1024.9776 | BF84: 1640.3263 | BG84: 185.06042 | BH84: 331.24156 | BI84: 529.07124 | BJ84: 5.3890541 | BK84: 5.3962583 | BL84: 5.4021661 | BM84: 5.3891739 | BN84: 5.3961982 | BO84: 5.4023232 | BP84: 5.3891697 | BQ84: 5.3962312 | BR84: 5.4023002 | BS84: 5.3889266 | BT84: 5.3962304 | BU84: 5.4022952 | BV84: 5.3889708 | BW84: 5.3962665 | BX84: 5.4023902 | BY84: 4.4725434 | BZ84: 5.2367801 | CA84: 6.2308773 | CB84: 3.9624181 | CC84: 4.3426251 | CD84: 4.7203371 | CE84: 4.790265 | CF84: 5.6886799 | CG84: 6.762417 | CH84: 4.3989554 | CI84: 5.0039148 | CJ84: 5.6313143 | CK84: 4.5701811 | CL84: 5.2592745 | CM84: 6.0153515
A85: 16060003 | B85: 0.052478284 | C85: 0.055838181 | D85: 0.058908963 | E85: 0.052597645 | F85: 0.055907219 | G85: 0.058936439 | H85: 0.052592265 | I85: 0.055865465 | J85: 0.058933812 | K85: 0.052464378 | L85: 0.055893688 | M85: 0.05898663 | N85: 0.052575889 | O85: 0.055895893 | P85: 0.058874845 | Q85: 4.576761 | R85: 4.9360095 | S85: 5.3740191 | T85: 4.4745631 | U85: 4.889539 | V85: 5.3291843 | W85: 4.0379333 | X85: 4.3655761 | Y85: 4.7541825 | Z85: 4.1075086 | AA85: 4.5162105 | AB85: 4.8526285 | AC85: 3.8574014 | AD85: 4.245103 | AE85: 4.6497521 | AF85: 0 | AG85: 0 | AH85: 0 | AI85: 0 | AJ85: 0 | AK85: 0 | AL85: 0 | AM85: 0 | AN85: 0 | AO85: 0 | AP85: 0 | AQ85: 0 | AR85: 0 | AS85: 0 | AT85: 0 | AU85: 34.056378 | AV85: 51.396234 | AW85: 73.355086 | AX85: 37.782506 | AY85: 56.190553 | AZ85: 79.365693 | BA85: 7.3538182 | BB85: 11.978566 | BC85: 18.176025 | BD85: 34.003785 | BE85: 46.529846 | BF85: 60.394527 | BG85: 9.2171967 | BH85: 18.75492 | BI85: 32.226361 | BJ85: 0.14247915 | BK85: 0.14553353 | BL85: 0.14844808 | BM85: 0.14251533 | BN85: 0.14551433 | BO85: 0.14839775 | BP85: 0.14254436 | BQ85: 0.14554781 | BR85: 0.14837161 | BS85: 0.14260514 | BT85: 0.14559942 | BU85: 0.14846457 | BV85: 0.14255075 | BW85: 0.14556592 | BX85: 0.14841238 | BY85: 0 | BZ85: 0 | CA85: 0 | CB85: 0 | CC85: 0 | CD85: 0 | CE85: 0 | CF85: 0 | CG85: 0 | CH85: 0 | CI85: 0 | CJ85: 0 | CK85: 0 | CL85: 0 | CM85: 0
A86: 3050105 | B86: 45.109621 | C86: 48.049942 | D86: 50.694763 | E86: 45.164185 | F86: 48.056766 | G86: 50.713851 | H86: 45.179187 | I86: 48.058102 | J86: 50.675433 | K86: 45.189093 | L86: 48.059092 | M86: 50.71732 | N86: 45.140343 | O86: 48.093484 | P86: 50.73314 | Q86: 12.571377 | R86: 13.74976 | S86: 15.139166 | T86: 15.359097 | U86: 17.020242 | V86: 19.083835 | W86: 11.834962 | X86: 12.805318 | Y86: 13.604261 | Z86: 12.630783 | AA86: 13.330356 | AB86: 14.098263 | AC86: 13.388756 | AD86: 14.162549 | AE86: 15.119505 | AF86: 2.923447 | AG86: 3.0943454 | AH86: 3.2685243 | AI86: 2.9259849 | AJ86: 3.0933172 | AK86: 3.2650012 | AL86: 2.9197428 | AM86: 3.0927921 | AN86: 3.2671288 | AO86: 2.9242005 | AP86: 3.0914259 | AQ86: 3.262198 | AR86: 2.9242921 | AS86: 3.0919372 | AT86: 3.2627281 | AU86: 3.1867394 | AV86: 4.4975455 | AW86: 6.424339 | AX86: 5.981467 | AY86: 11.025391 | AZ86: 18.366518 | BA86: 3.024447 | BB86: 3.7849509 | BC86: 4.634479 | BD86: 2.9646983 | BE86: 3.7211413 | BF86: 4.5175273 | BG86: 4.535179 | BH86: 5.4463535 | BI86: 6.6079412 | BJ86: 0.22772857 | BK86: 0.23359375 | BL86: 0.23893076 | BM86: 0.22779996 | BN86: 0.23354937 | BO86: 0.23902613 | BP86: 0.22779616 | BQ86: 0.23351141 | BR86: 0.23907121 | BS86: 0.22777231 | BT86: 0.23355758 | BU86: 0.23897496 | BV86: 0.22772965 | BW86: 0.23358923 | BX86: 0.23896332 | BY86: 4.5873073 | BZ86: 5.5122025 | CA86: 6.6183113 | CB86: 3.8800689 | CC86: 4.2702617 | CD86: 4.6533556 | CE86: 4.5125966 | CF86: 5.4093532 | CG86: 6.4522946 | CH86: 4.5527028 | CI86: 5.1689962 | CJ86: 5.9980051 | CK86: 4.7055077 | CL86: 5.3856952 | CM86: 6.2161019
A87: 16040201 | B87: 0 | C87: 0 | D87: 0 | E87: 0 | F87: 0 | G87: 0 | H87: 0 | I87: 0 | J87: 0 | K87: 0 | L87: 0 | M87: 0 | N87: 0 | O87: 0 | P87: 0 | Q87: 3.0344576 | R87: 3.167795 | S87: 3.3085154 | T87: 3.1129393 | U87: 3.2577082 | V87: 3.4088734 | W87: 2.9227129 | X87: 3.046878 | Y87: 3.179012 | Z87: 3.1656864 | AA87: 3.2746773 | AB87: 3.3848093 | AC87: 2.9362741 | AD87: 3.0599426 | AE87: 3.2004926 | AF87: 0 | AG87: 0 | AH87: 0 | AI87: 0 | AJ87: 0 | AK87: 0 | AL87: 0 | AM87: 0 | AN87: 0 | AO87: 0 | AP87: 0 | AQ87: 0 | AR87: 0 | AS87: 0 | AT87: 0 | AU87: 364.30244 | AV87: 504.84239 | AW87: 692.15048 | AX87: 418.84522 | AY87: 567.29413 | AZ87: 735.24406 | BA87: 168.47939 | BB87: 238.71198 | BC87: 321.63688 | BD87: 386.99841 | BE87: 517.48557 | BF87: 668.13895 | BG87: 269.54364 | BH87: 366.10101 | BI87: 478.37667 | BJ87: 0.77663261 | BK87: 0.78484949 | BL87: 0.79289141 | BM87: 0.77663137 | BN87: 0.78502188 | BO87: 0.79286139 | BP87: 0.77656574 | BQ87: 0.78493443 | BR87: 0.79291153 | BS87: 0.77659322 | BT87: 0.78485169 | BU87: 0.7930687 | BV87: 0.77654244 | BW87: 0.78491775 | BX87: 0.79309408 | BY87: 0.77344766 | BZ87: 0.87640507 | CA87: 0.98947721 | CB87: 0.75094022 | CC87: 0.82269751 | CD87: 0.89322967 | CE87: 0.81070769 | CF87: 0.91180014 | CG87: 1.0324371 | CH87: 0.77852002 | CI87: 0.85925898 | CJ87: 0.94891123 | CK87: 0.78721206 | CL87: 0.87443698 | CM87: 0.96361304
A88: 14030005 | B88: 0.050409469 | C88: 0.053504126 | D88: 0.056379366 | E88: 0.050449042 | F88: 0.053537106 | G88: 0.056336179 | H88: 0.050439586 | I88: 0.053543183 | J88: 0.056384012 | K88: 0.050382775 | L88: 0.053529466 | M88: 0.056408211 | N88: 0.050362147 | O88: 0.053518872 | P88: 0.056343814 | Q88: 2.031614 | R88: 2.141051 | S88: 2.2701324 | T88: 2.1033136 | U88: 2.207854 | V88: 2.3016076 | W88: 2.075261 | X88: 2.1670799 | Y88: 2.2916649 | Z88: 2.0478029 | AA88: 2.1392653 | AB88: 2.2176917 | AC88: 1.9055123 | AD88: 2.0555805 | AE88: 2.2296017 | AF88: 0.056007122 | AG88: 0.060070966 | AH88: 0.06420813 | AI88: 0.056079226 | AJ88: 0.060084128 | AK88: 0.064250808 | AL88: 0.055983246 | AM88: 0.060083208 | AN88: 0.064212158 | AO88: 0.056022812 | AP88: 0.059998079 | AQ88: 0.06412242 | AR88: 0.055988458 | AS88: 0.059984008 | AT88: 0.064116582 | AU88: 14.054434 | AV88: 18.9405 | AW88: 24.726163 | AX88: 17.626167 | AY88: 24.927102 | AZ88: 35.270701 | BA88: 14.218974 | BB88: 19.643329 | BC88: 27.09046 | BD88: 19.967946 | BE88: 25.074889 | BF88: 31.124038 | BG88: 13.466195 | BH88: 21.509721 | BI88: 32.091817 | BJ88: 0.099765742 | BK88: 0.10172646 | BL88: 0.10357127 | BM88: 0.099831367 | BN88: 0.10169759 | BO88: 0.10357948 | BP88: 0.099811164 | BQ88: 0.10171749 | BR88: 0.10359727 | BS88: 0.099826832 | BT88: 0.10172341 | BU88: 0.10355698 | BV88: 0.099802847 | BW88: 0.1017063 | BX88: 0.10356235 | BY88: 0 | BZ88: 0 | CA88: 0 | CB88: 0 | CC88: 0 | CD88: 0 | CE88: 0 | CF88: 0 | CG88: 0 | CH88: 0 | CI88: 0 | CJ88: 0 | CK88: 0 | CL88: 0 | CM88: 0
A89: 3050102 | B89: 1.6242834 | C89: 1.7445692 | D89: 1.853827 | E89: 1.6229681 | F89: 1.744409 | G89: 1.8555007 | H89: 1.6251694 | I89: 1.7430102 | J89: 1.8525468 | K89: 1.6229224 | L89: 1.7457301 | M89: 1.8551722 | N89: 1.6220992 | O89: 1.743429 | P89: 1.8585204 | Q89: 7.957207 | R89: 8.9901253 | S89: 10.173223 | T89: 10.445919 | U89: 11.758798 | V89: 13.438843 | W89: 7.6197711 | X89: 8.4493379 | Y89: 9.1965034 | Z89: 8.0492886 | AA89: 8.6620495 | AB89: 9.2815431 | AC89: 8.8617456 | AD89: 9.4993274 | AE89: 10.292721 | AF89: 0.15091208 | AG89: 0.15742319 | AH89: 0.16427187 | AI89: 0.15103732 | AJ89: 0.15745406 | AK89: 0.16427262 | AL89: 0.15100493 | AM89: 0.15739653 | AN89: 0.1642219 | AO89: 0.15087653 | AP89: 0.15740014 | AQ89: 0.16416312 | AR89: 0.15091319 | AS89: 0.15752575 | AT89: 0.16434636 | AU89: 4.125514 | AV89: 5.8904291 | AW89: 8.5337241 | AX89: 8.0041231 | AY89: 14.334907 | AZ89: 24.0379 | BA89: 4.0786937 | BB89: 5.0725003 | BC89: 6.2486623 | BD89: 3.9459801 | BE89: 4.9151339 | BF89: 5.9443553 | BG89: 5.753804 | BH89: 7.0808309 | BI89: 8.7259525 | BJ89: 0.39276034 | BK89: 0.40323898 | BL89: 0.4125767 | BM89: 0.39281228 | BN89: 0.40307113 | BO89: 0.41266913 | BP89: 0.39240372 | BQ89: 0.40300462 | BR89: 0.41269759 | BS89: 0.39235136 | BT89: 0.40302062 | BU89: 0.41285088 | BV89: 0.3924804 | BW89: 0.4028948 | BX89: 0.41263051 | BY89: 4.1454776 | BZ89: 4.9866317 | CA89: 5.9825542 | CB89: 3.5128948 | CC89: 3.857702 | CD89: 4.2002791 | CE89: 4.0842185 | CF89: 4.9287472 | CG89: 5.8723842 | CH89: 4.1211543 | CI89: 4.6609349 | CJ89: 5.408951 | CK89: 4.2561782 | CL89: 4.9055527 | CM89: 5.6715206
A90: 16060010 | B90: 12.896347 | C90: 13.453524 | D90: 13.9304 | E90: 12.895986 | F90: 13.438376 | G90: 13.919925 | H90: 12.885246 | I90: 13.443529 | J90: 13.923967 | K90: 12.889382 | L90: 13.437658 | M90: 13.929208 | N90: 12.881715 | O90: 13.441695 | P90: 13.934224 | Q90: 0.99693779 | R90: 1.0588302 | S90: 1.1135022 | T90: 1.0176982 | U90: 1.0825072 | V90: 1.1424307 | W90: 0.83495768 | X90: 0.90900541 | Y90: 0.98592174 | Z90: 0.92291445 | AA90: 0.96568516 | AB90: 1.0080088 | AC90: 0.80076399 | AD90: 0.88038426 | AE90: 0.94812721 | AF90: 0 | AG90: 0 | AH90: 0 | AI90: 0 | AJ90: 0 | AK90: 0 | AL90: 0 | AM90: 0 | AN90: 0 | AO90: 0 | AP90: 0 | AQ90: 0 | AR90: 0 | AS90: 0 | AT90: 0 | AU90: 29.049191 | AV90: 41.989739 | AW90: 57.836565 | AX90: 42.151815 | AY90: 67.700065 | AZ90: 97.783342 | BA90: 6.9068327 | BB90: 11.230973 | BC90: 17.020957 | BD90: 28.38926 | BE90: 39.034115 | BF90: 50.421711 | BG90: 8.7477655 | BH90: 17.120497 | BI90: 29.897663 | BJ90: 0.073448019 | BK90: 0.073786356 | BL90: 0.074101965 | BM90: 0.073451751 | BN90: 0.073789208 | BO90: 0.074104825 | BP90: 0.073450899 | BQ90: 0.073789013 | BR90: 0.074099287 | BS90: 0.073456865 | BT90: 0.073789238 | BU90: 0.074105707 | BV90: 0.073448632 | BW90: 0.073783133 | BX90: 0.074092136 | BY90: 0 | BZ90: 0 | CA90: 0 | CB90: 0 | CC90: 0 | CD90: 0 | CE90: 0 | CF90: 0 | CG90: 0 | CH90: 0 | CI90: 0 | CJ90: 0 | CK90: 0 | CL90: 0 | CM90: 0
A91: 11140205 | B91: 1.1823469 | C91: 1.2346094 | D91: 1.2813739 | E91: 1.1811625 | F91: 1.2339172 | G91: 1.2810081 | H91: 1.1831065 | I91: 1.2347282 | J91: 1.2805405 | K91: 1.1811659 | L91: 1.2355731 | M91: 1.2813545 | N91: 1.1812081 | O91: 1.2341774 | P91: 1.2819432 | Q91: 3.296949 | R91: 3.727601 | S91: 4.2480192 | T91: 4.3427271 | U91: 4.6907235 | V91: 5.0764761 | W91: 3.5628921 | X91: 4.2287558 | Y91: 4.7976653 | Z91: 3.1716657 | AA91: 3.4645064 | AB91: 3.8433243 | AC91: 3.4867204 | AD91: 4.092339 | AE91: 4.7569706 | AF91: 0.016132752 | AG91: 0.016748701 | AH91: 0.017395563 | AI91: 0.016113832 | AJ91: 0.016749122 | AK91: 0.017401187 | AL91: 0.016135845 | AM91: 0.016757297 | AN91: 0.017397641 | AO91: 0.016134361 | AP91: 0.016749234 | AQ91: 0.017402894 | AR91: 0.01612552 | AS91: 0.016739101 | AT91: 0.017406377 | AU91: 3.2302263 | AV91: 4.8454913 | AW91: 7.1598186 | AX91: 7.1834748 | AY91: 10.793354 | AZ91: 15.662301 | BA91: 4.7246632 | BB91: 7.6596772 | BC91: 10.836875 | BD91: 3.0815794 | BE91: 4.3644679 | BF91: 6.1216961 | BG91: 5.0793903 | BH91: 8.0039444 | BI91: 11.78695 | BJ91: 0.27593279 | BK91: 0.27761 | BL91: 0.27930178 | BM91: 0.27591482 | BN91: 0.27764132 | BO91: 0.27933064 | BP91: 0.27596644 | BQ91: 0.27762445 | BR91: 0.27932296 | BS91: 0.27593038 | BT91: 0.27762272 | BU91: 0.27929129 | BV91: 0.27594452 | BW91: 0.27763892 | BX91: 0.27933 | BY91: 1.0856169 | BZ91: 1.2842524 | CA91: 1.5314927 | CB91: 0.90720166 | CC91: 0.99570931 | CD91: 1.082603 | CE91: 1.1291143 | CF91: 1.3782586 | CG91: 1.7252174 | CH91: 1.0358777 | CI91: 1.1768094 | CJ91: 1.3568541 | CK91: 1.0817914 | CL91: 1.2908253 | CM91: 1.5158424
A93: Table S8F. Water demand (Mgal/day) uncertainty results for RCP8.5 SSP3
A94: Sector | B94: Aquaculture | Q94: Domestic | AF94: Industrial and Mining | AU94: Irrigated Agriculture | BJ94: Livestock | BY94: Thermoelectric Power
A95: Climate Scenario | B95: CNRM | E95: HadGEM2 | H95: IPSL | K95: MRI-CGCM3 | N95: NorESM | Q95: CNRM | T95: HadGEM2 | W95: IPSL | Z95: MRI-CGCM3 | AC95: NorESM | AF95: CNRM | AI95: HadGEM2 | AL95: IPSL | AO95: MRI-CGCM3 | AR95: NorESM | AU95: CNRM | AX95: HadGEM2 | BA95: IPSL | BD95: MRI-CGCM3 | BG95: NorESM | BJ95: CNRM | BM95: HadGEM2 | BP95: IPSL | BS95: MRI-CGCM3 | BV95: NorESM | BY95: CNRM | CB95: HadGEM2 | CE95: IPSL | CH95: MRI-CGCM3 | CK95: NorESM
A96: HUC8 ID | B96: p10 | C96: p50 | D96: p90 | E96: p10 | F96: p50 | G96: p90 | H96: p10 | I96: p50 | J96: p90 | K96: p10 | L96: p50 | M96: p90 | N96: p10 | O96: p50 | P96: p90 | Q96: p10 | R96: p50 | S96: p90 | T96: p10 | U96: p50 | V96: p90 | W96: p10 | X96: p50 | Y96: p90 | Z96: p10 | AA96: p50 | AB96: p90 | AC96: p10 | AD96: p50 | AE96: p90 | AF96: p10 | AG96: p50 | AH96: p90 | AI96: p10 | AJ96: p50 | AK96: p90 | AL96: p10 | AM96: p50 | AN96: p90 | AO96: p10 | AP96: p50 | AQ96: p90 | AR96: p10 | AS96: p50 | AT96: p90 | AU96: p10 | AV96: p50 | AW96: p90 | AX96: p10 | AY96: p50 | AZ96: p90 | BA96: p10 | BB96: p50 | BC96: p90 | BD96: p10 | BE96: p50 | BF96: p90 | BG96: p10 | BH96: p50 | BI96: p90 | BJ96: p10 | BK96: p50 | BL96: p90 | BM96: p10 | BN96: p50 | BO96: p90 | BP96: p10 | BQ96: p50 | BR96: p90 | BS96: p10 | BT96: p50 | BU96: p90 | BV96: p10 | BW96: p50 | BX96: p90 | BY96: p10 | BZ96: p50 | CA96: p90 | CB96: p10 | CC96: p50 | CD96: p90 | CE96: p10 | CF96: p50 | CG96: p90 | CH96: p10 | CI96: p50 | CJ96: p90 | CK96: p10 | CL96: p50 | CM96: p90
A97: 16060011 | B97: 0.069435555 | C97: 0.071110115 | D97: 0.072449354 | E97: 0.069410162 | F97: 0.071110655 | G97: 0.07245734 | H97: 0.069432787 | I97: 0.071127515 | J97: 0.072460163 | K97: 0.069366712 | L97: 0.071092828 | M97: 0.072435139 | N97: 0.069408077 | O97: 0.071110429 | P97: 0.072433257 | Q97: 5.5045509 | R97: 5.825318 | S97: 6.1692772 | T97: 5.5280117 | U97: 5.8209021 | V97: 6.1464491 | W97: 4.9357658 | X97: 5.2077138 | Y97: 5.5316797 | Z97: 5.1053784 | AA97: 5.4557333 | AB97: 5.7568672 | AC97: 4.5824138 | AD97: 5.017125 | AE97: 5.4008099 | AF97: 0 | AG97: 0 | AH97: 0 | AI97: 0 | AJ97: 0 | AK97: 0 | AL97: 0 | AM97: 0 | AN97: 0 | AO97: 0 | AP97: 0 | AQ97: 0 | AR97: 0 | AS97: 0 | AT97: 0 | AU97: 47.247339 | AV97: 71.931816 | AW97: 103.31875 | AX97: 51.135664 | AY97: 75.189742 | AZ97: 106.32779 | BA97: 9.8187171 | BB97: 16.275116 | BC97: 25.083947 | BD97: 46.298227 | BE97: 64.020539 | BF97: 84.427755 | BG97: 12.598479 | BH97: 25.5689 | BI97: 43.861173 | BJ97: 0.1730122 | BK97: 0.17580016 | BL97: 0.17872573 | BM97: 0.17299915 | BN97: 0.17578051 | BO97: 0.17860082 | BP97: 0.17296067 | BQ97: 0.17578254 | BR97: 0.17873562 | BS97: 0.17298324 | BT97: 0.17582257 | BU97: 0.17870853 | BV97: 0.17291574 | BW97: 0.17578414 | BX97: 0.17862958 | BY97: 0 | BZ97: 0 | CA97: 0 | CB97: 0 | CC97: 0 | CD97: 0 | CE97: 0 | CF97: 0 | CG97: 0 | CH97: 0 | CI97: 0 | CJ97: 0 | CK97: 0 | CL97: 0 | CM97: 0
A98: 15030202 | B98: 17.280519 | C98: 17.715343 | D98: 18.066242 | E98: 17.283195 | F98: 17.723639 | G98: 18.072691 | H98: 17.283781 | I98: 17.725683 | J98: 18.072798 | K98: 17.290652 | L98: 17.720959 | M98: 18.066595 | N98: 17.283932 | O98: 17.722192 | P98: 18.069443 | Q98: 37.887332 | R98: 40.274948 | S98: 42.39834 | T98: 37.508374 | U98: 39.909859 | V98: 41.97189 | W98: 36.02114 | X98: 37.720514 | Y98: 39.686926 | Z98: 34.43641 | AA98: 36.924359 | AB98: 39.072222 | AC98: 33.045071 | AD98: 36.296185 | AE98: 39.557754 | AF98: 0 | AG98: 0 | AH98: 0 | AI98: 0 | AJ98: 0 | AK98: 0 | AL98: 0 | AM98: 0 | AN98: 0 | AO98: 0 | AP98: 0 | AQ98: 0 | AR98: 0 | AS98: 0 | AT98: 0 | AU98: 46.473972 | AV98: 78.501075 | AW98: 120.23871 | AX98: 41.371057 | AY98: 63.749284 | AZ98: 97.181582 | BA98: 22.815106 | BB98: 36.56327 | BC98: 54.912235 | BD98: 39.294854 | BE98: 57.93458 | BF98: 79.281386 | BG98: 15.595918 | BH98: 27.664846 | BI98: 44.01911 | BJ98: 0.31190447 | BK98: 0.31665217 | BL98: 0.32159333 | BM98: 0.31184081 | BN98: 0.31671739 | BO98: 0.32174115 | BP98: 0.31182539 | BQ98: 0.31669494 | BR98: 0.32169042 | BS98: 0.31181377 | BT98: 0.3166868 | BU98: 0.3217449 | BV98: 0.31191912 | BW98: 0.31669753 | BX98: 0.32160129 | BY98: 1.3015171 | BZ98: 1.4338506 | CA98: 1.5997919 | CB98: 1.1416799 | CC98: 1.1975871 | CD98: 1.2523396 | CE98: 1.3564099 | CF98: 1.5495549 | CG98: 1.7902839 | CH98: 1.2464625 | CI98: 1.3506812 | CJ98: 1.4773356 | CK98: 1.3015567 | CL98: 1.4341183 | CM98: 1.5958672
A99: 15030201 | B99: 17.290072 | C99: 17.716863 | D99: 18.067983 | E99: 17.282458 | F99: 17.722561 | G99: 18.065961 | H99: 17.27774 | I99: 17.718122 | J99: 18.063767 | K99: 17.280222 | L99: 17.723256 | M99: 18.068561 | N99: 17.290426 | O99: 17.718085 | P99: 18.064729 | Q99: 37.856713 | R99: 40.261706 | S99: 42.402654 | T99: 37.39599 | U99: 39.863494 | V99: 41.956318 | W99: 35.958668 | X99: 37.693807 | Y99: 39.71901 | Z99: 34.425726 | AA99: 36.877476 | AB99: 39.028979 | AC99: 32.988986 | AD99: 36.219246 | AE99: 39.50176 | AF99: 0 | AG99: 0 | AH99: 0 | AI99: 0 | AJ99: 0 | AK99: 0 | AL99: 0 | AM99: 0 | AN99: 0 | AO99: 0 | AP99: 0 | AQ99: 0 | AR99: 0 | AS99: 0 | AT99: 0 | AU99: 45.75313 | AV99: 77.447399 | AW99: 119.69487 | AX99: 41.201702 | AY99: 63.317191 | AZ99: 97.280388 | BA99: 22.829249 | BB99: 36.36977 | BC99: 54.895893 | BD99: 39.430506 | BE99: 57.762 | BF99: 78.557832 | BG99: 15.958744 | BH99: 28.153691 | BI99: 44.303264 | BJ99: 0.31191868 | BK99: 0.31671377 | BL99: 0.32171149 | BM99: 0.3118615 | BN99: 0.31671494 | BO99: 0.3217023 | BP99: 0.31184898 | BQ99: 0.31672354 | BR99: 0.32168367 | BS99: 0.31193986 | BT99: 0.31667962 | BU99: 0.32164248 | BV99: 0.31191817 | BW99: 0.31668857 | BX99: 0.32165453 | BY99: 1.3002647 | BZ99: 1.4352153 | CA99: 1.5981762 | CB99: 1.1417513 | CC99: 1.1988714 | CD99: 1.2519789 | CE99: 1.3533281 | CF99: 1.5474868 | CG99: 1.7973036 | CH99: 1.2464527 | CI99: 1.3507667 | CJ99: 1.4780395 | CK99: 1.3032059 | CL99: 1.4354526 | CM99: 1.5988664
A100: 18100204 | B100: 11.79579 | C100: 11.895065 | D100: 11.977283 | E100: 11.798426 | F100: 11.895515 | G100: 11.977094 | H100: 11.800828 | I100: 11.896314 | J100: 11.979479 | K100: 11.79936 | L100: 11.896105 | M100: 11.977054 | N100: 11.798808 | O100: 11.895287 | P100: 11.976722 | Q100: 20.929588 | R100: 22.311057 | S100: 23.687434 | T100: 19.545941 | U100: 21.234489 | V100: 22.589418 | W100: 19.860265 | X100: 20.617961 | Y100: 21.569991 | Z100: 19.013197 | AA100: 19.885573 | AB100: 20.841876 | AC100: 18.193477 | AD100: 19.676892 | AE100: 20.822151 | AF100: 0 | AG100: 0 | AH100: 0 | AI100: 0 | AJ100: 0 | AK100: 0 | AL100: 0 | AM100: 0 | AN100: 0 | AO100: 0 | AP100: 0 | AQ100: 0 | AR100: 0 | AS100: 0 | AT100: 0 | AU100: 1472.9562 | AV100: 2924.3146 | AW100: 4986.7659 | AX100: 1075.8495 | AY100: 1834.1373 | AZ100: 2900.0297 | BA100: 468.56082 | BB100: 861.1071 | BC100: 1373.8326 | BD100: 1565.0299 | BE100: 2415.2734 | BF100: 3366.0922 | BG100: 689.20243 | BH100: 1493.973 | BI100: 2636.4505 | BJ100: 3.0209176 | BK100: 3.122491 | BL100: 3.2311735 | BM100: 3.0202782 | BN100: 3.1226079 | BO100: 3.2296364 | BP100: 3.0219596 | BQ100: 3.1220986 | BR100: 3.2300915 | BS100: 3.0186448 | BT100: 3.1226194 | BU100: 3.2306149 | BV100: 3.0211625 | BW100: 3.1213843 | BX100: 3.2295979 | BY100: 0 | BZ100: 0 | CA100: 0 | CB100: 0 | CC100: 0 | CD100: 0 | CE100: 0 | CF100: 0 | CG100: 0 | CH100: 0 | CI100: 0 | CJ100: 0 | CK100: 0 | CL100: 0 | CM100: 0
A101: 16060013 | B101: 0.069421438 | C101: 0.071125021 | D101: 0.072416932 | E101: 0.069401643 | F101: 0.071090486 | G101: 0.072431563 | H101: 0.069384477 | I101: 0.071111669 | J101: 0.072461148 | K101: 0.069391225 | L101: 0.071112027 | M101: 0.072449855 | N101: 0.069415697 | O101: 0.07109613 | P101: 0.072444104 | Q101: 5.4944919 | R101: 5.8310466 | S101: 6.1686254 | T101: 5.5238391 | U101: 5.819893 | V101: 6.1478685 | W101: 4.9352097 | X101: 5.2020802 | Y101: 5.5221459 | Z101: 5.1082438 | AA101: 5.4526787 | AB101: 5.7621483 | AC101: 4.5857205 | AD101: 5.0249154 | AE101: 5.4149606 | AF101: 0 | AG101: 0 | AH101: 0 | AI101: 0 | AJ101: 0 | AK101: 0 | AL101: 0 | AM101: 0 | AN101: 0 | AO101: 0 | AP101: 0 | AQ101: 0 | AR101: 0 | AS101: 0 | AT101: 0 | AU101: 47.755417 | AV101: 72.108851 | AW101: 102.50124 | AX101: 51.372519 | AY101: 75.215738 | AZ101: 105.14907 | BA101: 9.7998988 | BB101: 16.284514 | BC101: 25.163133 | BD101: 46.58954 | BE101: 63.879199 | BF101: 84.222534 | BG101: 12.588174 | BH101: 25.380033 | BI101: 43.968102 | BJ101: 0.17303064 | BK101: 0.17576833 | BL101: 0.17870065 | BM101: 0.17300709 | BN101: 0.17581182 | BO101: 0.17871201 | BP101: 0.17303467 | BQ101: 0.1758195 | BR101: 0.17871839 | BS101: 0.17298817 | BT101: 0.1757565 | BU101: 0.17869184 | BV101: 0.17300259 | BW101: 0.17578616 | BX101: 0.17869993 | BY101: 0 | BZ101: 0 | CA101: 0 | CB101: 0 | CC101: 0 | CD101: 0 | CE101: 0 | CF101: 0 | CG101: 0 | CH101: 0 | CI101: 0 | CJ101: 0 | CK101: 0 | CL101: 0 | CM101: 0
A102: 18090208 | B102: 6.5614819 | C102: 6.6064601 | D102: 6.6472974 | E102: 6.5617687 | F102: 6.6076245 | G102: 6.6481658 | H102: 6.5634492 | I102: 6.6078815 | J102: 6.6476832 | K102: 6.5627731 | L102: 6.6078244 | M102: 6.6482744 | N102: 6.5625231 | O102: 6.6084337 | P102: 6.6485642 | Q102: 346.60909 | R102: 374.15764 | S102: 402.35587 | T102: 352.13662 | U102: 383.92207 | V102: 410.43967 | W102: 299.67679 | X102: 325.5505 | Y102: 354.42408 | Z102: 310.39162 | AA102: 328.15209 | AB102: 346.16229 | AC102: 309.3471 | AD102: 335.40302 | AE102: 357.86164 | AF102: 0 | AG102: 0 | AH102: 0 | AI102: 0 | AJ102: 0 | AK102: 0 | AL102: 0 | AM102: 0 | AN102: 0 | AO102: 0 | AP102: 0 | AQ102: 0 | AR102: 0 | AS102: 0 | AT102: 0 | AU102: 433.39078 | AV102: 724.74798 | AW102: 1151.5488 | AX102: 1068.1449 | AY102: 1701.5232 | AZ102: 2438.0644 | BA102: 131.84313 | BB102: 222.88305 | BC102: 336.0981 | BD102: 608.52749 | BE102: 1016.6506 | BF102: 1620.3177 | BG102: 187.10579 | BH102: 336.45898 | BI102: 526.6409 | BJ102: 4.4707444 | BK102: 4.6275451 | BL102: 4.797219 | BM102: 4.4708566 | BN102: 4.6269606 | BO102: 4.7928823 | BP102: 4.4746344 | BQ102: 4.6272847 | BR102: 4.7939568 | BS102: 4.4708518 | BT102: 4.6256035 | BU102: 4.7923983 | BV102: 4.4712488 | BW102: 4.6286852 | BX102: 4.7935876 | BY102: 3.7559555 | BZ102: 4.1363052 | CA102: 4.5668942 | CB102: 3.2585422 | CC102: 3.4152816 | CD102: 3.5747922 | CE102: 3.8820387 | CF102: 4.4405865 | CG102: 5.0807769 | CH102: 3.5324105 | CI102: 3.8990657 | CJ102: 4.2664783 | CK102: 3.7514098 | CL102: 4.1358576 | CM102: 4.5753391
A103: 16060003 | B103: 0.046259184 | C103: 0.047383616 | D103: 0.04829289 | E103: 0.046271502 | F103: 0.047388962 | G103: 0.048310584 | H103: 0.046264761 | I103: 0.047417393 | J103: 0.048300501 | K103: 0.046273519 | L103: 0.047408024 | M103: 0.048310652 | N103: 0.046256375 | O103: 0.047389183 | P103: 0.048295569 | Q103: 3.8171332 | R103: 4.0400591 | S103: 4.270593 | T103: 3.8537536 | U103: 4.0485998 | V103: 4.2664576 | W103: 3.4380008 | X103: 3.6216082 | Y103: 3.836414 | Z103: 3.5672359 | AA103: 3.7949322 | AB103: 3.997718 | AC103: 3.1883685 | AD103: 3.4860989 | AE103: 3.7510618 | AF103: 0 | AG103: 0 | AH103: 0 | AI103: 0 | AJ103: 0 | AK103: 0 | AL103: 0 | AM103: 0 | AN103: 0 | AO103: 0 | AP103: 0 | AQ103: 0 | AR103: 0 | AS103: 0 | AT103: 0 | AU103: 34.04408 | AV103: 51.828646 | AW103: 72.784936 | AX103: 37.919191 | AY103: 55.960292 | AZ103: 79.017562 | BA103: 7.3482921 | BB103: 12.042297 | BC103: 18.16338 | BD103: 33.845869 | BE103: 46.305218 | BF103: 60.176914 | BG103: 9.3027086 | BH103: 19.001851 | BI103: 32.683398 | BJ103: 0.12192471 | BK103: 0.12388539 | BL103: 0.12589512 | BM103: 0.12189934 | BN103: 0.12385674 | BO103: 0.12595022 | BP103: 0.12193111 | BQ103: 0.12388238 | BR103: 0.12588309 | BS103: 0.12192632 | BT103: 0.12388804 | BU103: 0.12593126 | BV103: 0.12195535 | BW103: 0.12390718 | BX103: 0.12596751 | BY103: 0 | BZ103: 0 | CA103: 0 | CB103: 0 | CC103: 0 | CD103: 0 | CE103: 0 | CF103: 0 | CG103: 0 | CH103: 0 | CI103: 0 | CJ103: 0 | CK103: 0 | CL103: 0 | CM103: 0
A104: 3050105 | B104: 39.708674 | C104: 40.659656 | D104: 41.446329 | E104: 39.720984 | F104: 40.692118 | G104: 41.467541 | H104: 39.711804 | I104: 40.685582 | J104: 41.45673 | K104: 39.699525 | L104: 40.683063 | M104: 41.462436 | N104: 39.726319 | O104: 40.683362 | P104: 41.45298 | Q104: 10.204802 | R104: 11.34433 | S104: 12.553566 | T104: 12.664053 | U104: 14.137108 | V104: 16.010631 | W104: 9.6789633 | X104: 10.63047 | Y104: 11.413865 | Z104: 10.255187 | AA104: 11.042231 | AB104: 11.813603 | AC104: 10.924675 | AD104: 11.656646 | AE104: 12.446199 | AF104: 2.3320346 | AG104: 2.3571145 | AH104: 2.3886338 | AI104: 2.3324868 | AJ104: 2.3581435 | AK104: 2.3886409 | AL104: 2.3321772 | AM104: 2.3577141 | AN104: 2.3880975 | AO104: 2.3322632 | AP104: 2.357618 | AQ104: 2.3880276 | AR104: 2.3318701 | AS104: 2.3579297 | AT104: 2.3886778 | AU104: 3.2152667 | AV104: 4.5162443 | AW104: 6.4471837 | AX104: 6.0148612 | AY104: 10.845172 | AZ104: 18.473043 | BA104: 3.0165566 | BB104: 3.7814974 | BC104: 4.6232609 | BD104: 2.9909356 | BE104: 3.7300545 | BF104: 4.5180889 | BG104: 4.5107843 | BH104: 5.4621461 | BI104: 6.6428328 | BJ104: 0.19631221 | BK104: 0.19876656 | BL104: 0.20114279 | BM104: 0.19628746 | BN104: 0.19874296 | BO104: 0.20113249 | BP104: 0.19635241 | BQ104: 0.19874172 | BR104: 0.201176 | BS104: 0.19632176 | BT104: 0.19874439 | BU104: 0.20115568 | BV104: 0.19630591 | BW104: 0.19877581 | BX104: 0.20115564 | BY104: 3.7081762 | BZ104: 4.1281146 | CA104: 4.6160198 | CB104: 3.1545242 | CC104: 3.3075309 | CD104: 3.4636061 | CE104: 3.5956142 | CF104: 4.1463227 | CG104: 4.7611791 | CH104: 3.5608961 | CI104: 3.9285191 | CJ104: 4.4235188 | CK104: 3.7091656 | CL104: 4.1358073 | CM104: 4.6257543
A105: 16040201 | B105: 0 | C105: 0 | D105: 0 | E105: 0 | F105: 0 | G105: 0 | H105: 0 | I105: 0 | J105: 0 | K105: 0 | L105: 0 | M105: 0 | N105: 0 | O105: 0 | P105: 0 | Q105: 2.5069766 | R105: 2.6139093 | S105: 2.7151861 | T105: 2.6143198 | U105: 2.7099778 | V105: 2.8250153 | W105: 2.3826449 | X105: 2.5061477 | Y105: 2.6156066 | Z105: 2.622535 | AA105: 2.7168434 | AB105: 2.813703 | AC105: 2.4218314 | AD105: 2.5308105 | AE105: 2.6418217 | AF105: 0 | AG105: 0 | AH105: 0 | AI105: 0 | AJ105: 0 | AK105: 0 | AL105: 0 | AM105: 0 | AN105: 0 | AO105: 0 | AP105: 0 | AQ105: 0 | AR105: 0 | AS105: 0 | AT105: 0 | AU105: 367.95789 | AV105: 504.96363 | AW105: 693.35856 | AX105: 416.90881 | AY105: 565.326 | AZ105: 733.14134 | BA105: 167.21518 | BB105: 238.16726 | BC105: 322.71656 | BD105: 389.92303 | BE105: 518.75185 | BF105: 671.41411 | BG105: 267.22591 | BH105: 366.41503 | BI105: 480.36154 | BJ105: 0.65279484 | BK105: 0.66953097 | BL105: 0.68708624 | BM105: 0.65195826 | BN105: 0.66928401 | BO105: 0.6873146 | BP105: 0.65287093 | BQ105: 0.66956704 | BR105: 0.6873389 | BS105: 0.65268587 | BT105: 0.66899239 | BU105: 0.68728487 | BV105: 0.65231989 | BW105: 0.66934027 | BX105: 0.68711593 | BY105: 0.64638625 | BZ105: 0.68800351 | CA105: 0.73268715 | CB105: 0.61539218 | CC105: 0.64571444 | CD105: 0.67558685 | CE105: 0.65984716 | CF105: 0.7144454 | CG105: 0.77907226 | CH105: 0.63192953 | CI105: 0.67241814 | CJ105: 0.71649186 | CK105: 0.64646844 | CL105: 0.68742635 | CM105: 0.73201983
A106: 14030005 | B106: 0.044364882 | C106: 0.04533488 | D106: 0.046127309 | E106: 0.044371833 | F106: 0.045352813 | G106: 0.046123868 | H106: 0.044348389 | I106: 0.045339492 | J106: 0.046138903 | K106: 0.044369082 | L106: 0.045347508 | M106: 0.046128801 | N106: 0.044374316 | O106: 0.045345803 | P106: 0.046117305 | Q106: 1.6775665 | R106: 1.7488603 | S106: 1.8122345 | T106: 1.7488802 | U106: 1.8435328 | V106: 1.9490919 | W106: 1.7092522 | X106: 1.7828413 | Y106: 1.8696448 | Z106: 1.7052458 | AA106: 1.7757996 | AB106: 1.8396198 | AC106: 1.5932055 | AD106: 1.6961179 | AE106: 1.8053234 | AF106: 0.044283116 | AG106: 0.045167769 | AH106: 0.046208112 | AI106: 0.044251332 | AJ106: 0.045147268 | AK106: 0.046205277 | AL106: 0.044274962 | AM106: 0.045185328 | AN106: 0.046200655 | AO106: 0.044286585 | AP106: 0.045174849 | AQ106: 0.04621119 | AR106: 0.04425866 | AS106: 0.045168944 | AT106: 0.046200922 | AU106: 14.053068 | AV106: 18.933693 | AW106: 24.803166 | AX106: 17.477789 | AY106: 24.96734 | AZ106: 35.269986 | BA106: 14.102695 | BB106: 19.517053 | BC106: 27.019687 | BD106: 19.99626 | BE106: 25.038643 | BF106: 31.045735 | BG106: 13.63868 | BH106: 21.492076 | BI106: 32.197855 | BJ106: 0.084900333 | BK106: 0.086479415 | BL106: 0.088097478 | BM106: 0.084958148 | BN106: 0.086461712 | BO106: 0.088094487 | BP106: 0.084898353 | BQ106: 0.086458728 | BR106: 0.088088803 | BS106: 0.084919142 | BT106: 0.08644922 | BU106: 0.088098676 | BV106: 0.084898788 | BW106: 0.086451896 | BX106: 0.088080852 | BY106: 0 | BZ106: 0 | CA106: 0 | CB106: 0 | CC106: 0 | CD106: 0 | CE106: 0 | CF106: 0 | CG106: 0 | CH106: 0 | CI106: 0 | CJ106: 0 | CK106: 0 | CL106: 0 | CM106: 0
A107: 3050102 | B107: 1.4300233 | C107: 1.4790056 | D107: 1.5205663 | E107: 1.43071 | F107: 1.4796119 | G107: 1.5211176 | H107: 1.4301774 | I107: 1.4794234 | J107: 1.5212731 | K107: 1.4299169 | L107: 1.4796211 | M107: 1.5213002 | N107: 1.4304113 | O107: 1.4792677 | P107: 1.5208689 | Q107: 6.4671217 | R107: 7.4182396 | S107: 8.4044977 | T107: 8.623618 | U107: 9.7699593 | V107: 11.291077 | W107: 6.2327584 | X107: 6.9906544 | Y107: 7.6282733 | Z107: 6.5566975 | AA107: 7.2028801 | AB107: 7.8130282 | AC107: 7.2186236 | AD107: 7.7888792 | AE107: 8.4065771 | AF107: 0.11934048 | AG107: 0.1198923 | AH107: 0.12064322 | AI107: 0.11934691 | AJ107: 0.11988963 | AK107: 0.12063704 | AL107: 0.11934729 | AM107: 0.11987824 | AN107: 0.12063621 | AO107: 0.11934511 | AP107: 0.11989229 | AQ107: 0.12064168 | AR107: 0.11934953 | AS107: 0.11988183 | AT107: 0.12062638 | AU107: 4.1484392 | AV107: 5.9167824 | AW107: 8.5732798 | AX107: 7.9656127 | AY107: 14.414992 | AZ107: 24.230011 | BA107: 4.0790183 | BB107: 5.0843485 | BC107: 6.2288826 | BD107: 3.9648774 | BE107: 4.9278101 | BF107: 5.968272 | BG107: 5.7371097 | BH107: 7.0712613 | BI107: 8.7370675 | BJ107: 0.33907897 | BK107: 0.34299375 | BL107: 0.34684333 | BM107: 0.33906765 | BN107: 0.34302682 | BO107: 0.34681816 | BP107: 0.33913005 | BQ107: 0.34301809 | BR107: 0.34693926 | BS107: 0.33915103 | BT107: 0.34302994 | BU107: 0.34681317 | BV107: 0.3390779 | BW107: 0.3430564 | BX107: 0.34683321 | BY107: 3.3550049 | BZ107: 3.7534886 | CA107: 4.2153541 | CB107: 2.8522728 | CC107: 2.9900159 | CD107: 3.1306788 | CE107: 3.2702302 | CF107: 3.7713317 | CG107: 4.3564507 | CH107: 3.2157163 | CI107: 3.5511741 | CJ107: 3.9881227 | CK107: 3.3615723 | CL107: 3.7596328 | CM107: 4.2228774
...

Sheet 9. Net Water Avail Vis
A2: Table S9A. CNRM Net Water Availability
A4: By HUC8 watershed, based on mine alphabetical order
B5: RSCV | F5: BUR | J5: BS | N5: SS | R5: CSF | V5: MOJ | Z5: SBSV | AD5: UB | AH5: UQ | AL5: UCKS | AP5: SFC | AT5: FLSSV | AX5: BB
B6: 16060011 | F6: 15030202 | J6: 15030201 | N6: 18100204 | R6: 16060013 | V6: 18090208 | Z6: 16060003 | AD6: 3050105 | AH6: 16040201 | AL6: 14030005 | AP6: 3050102 | AT6: 16060010 | AX6: 11140205
B7: RCP 4.5 SSP1 | C7: RCP 8.5 SSP2 | D7: RCP 8.5 SSP3 | E7: RCP 8.5 SSP5 | F7: RCP 4.5 SSP1 | G7: RCP 8.5 SSP2 | H7: RCP 8.5 SSP3 | I7: RCP 8.5 SSP5 | J7: RCP 4.5 SSP1 | K7: RCP 8.5 SSP2 | L7: RCP 8.5 SSP3 | M7: RCP 8.5 SSP5 | N7: RCP 4.5 SSP1 | O7: RCP 8.5 SSP2 | P7: RCP 8.5 SSP3 | Q7: RCP 8.5 SSP5 | R7: RCP 4.5 SSP1 | S7: RCP 8.5 SSP2 | T7: RCP 8.5 SSP3 | U7: RCP 8.5 SSP5 | V7: RCP 4.5 SSP1 | W7: RCP 8.5 SSP2 | X7: RCP 8.5 SSP3 | Y7: RCP 8.5 SSP5 | Z7: RCP 4.5 SSP1 | AA7: RCP 8.5 SSP2 | AB7: RCP 8.5 SSP3 | AC7: RCP 8.5 SSP5 | AD7: RCP 4.5 SSP1 | AE7: RCP 8.5 SSP2 | AF7: RCP 8.5 SSP3 | AG7: RCP 8.5 SSP5 | AH7: RCP 4.5 SSP1 | AI7: RCP 8.5 SSP2 | AJ7: RCP 8.5 SSP3 | AK7: RCP 8.5 SSP5 | AL7: RCP 4.5 SSP1 | AM7: RCP 8.5 SSP2 | AN7: RCP 8.5 SSP3 | AO7: RCP 8.5 SSP5 | AP7: RCP 4.5 SSP1 | AQ7: RCP 8.5 SSP2 | AR7: RCP 8.5 SSP3 | AS7: RCP 8.5 SSP5 | AT7: RCP 4.5 SSP1 | AU7: RCP 8.5 SSP2 | AV7: RCP 8.5 SSP3 | AW7: RCP 8.5 SSP5 | AX7: RCP 4.5 SSP1 | AY7: RCP 8.5 SSP2 | AZ7: RCP 8.5 SSP3 | BA7: RCP 8.5 SSP5
A8: p10 | B8: =VLOOKUP(B$6,'8. Uncertainty Results'!$B$223:$N$235,11,FALSE) -> -47.925476 | C8: =VLOOKUP(B$6,'8. Uncertainty Results'!$B$293:$N$305,11,FALSE) -> -55.898533 | D8: =VLOOKUP(B$6,'8. Uncertainty Results'!$B$364:$N$376,11,FALSE) -> -54.233805 | E8: =VLOOKUP(B$6,'8. Uncertainty Results'!$B$434:$N$446,11,FALSE) -> -57.603329 | F8: =VLOOKUP(F$6,'8. Uncertainty Results'!$B$223:$N$235,11,FALSE) -> -137.97431 | G8: =VLOOKUP(F$6,'8. Uncertainty Results'!$B$293:$N$305,11,FALSE) -> -97.529141 | H8: =VLOOKUP(F$6,'8. Uncertainty Results'!$B$364:$N$376,11,FALSE) -> -83.630003 | I8: =VLOOKUP(F$6,'8. Uncertainty Results'!$B$434:$N$446,11,FALSE) -> -113.66207 | J8: =VLOOKUP(J$6,'8. Uncertainty Results'!$B$223:$N$235,11,FALSE) -> -86.6769 | K8: =VLOOKUP(J$6,'8. Uncertainty Results'!$B$293:$N$305,11,FALSE) -> -45.586065 | L8: =VLOOKUP(J$6,'8. Uncertainty Results'!$B$364:$N$376,11,FALSE) -> -29.883434 | M8: =VLOOKUP(J$6,'8. Uncertainty Results'!$B$434:$N$446,11,FALSE) -> -60.868897 | N8: =VLOOKUP(N$6,'8. Uncertainty Results'!$B$223:$N$235,11,FALSE) -> -389.82744 | O8: =VLOOKUP(N$6,'8. Uncertainty Results'!$B$293:$N$305,11,FALSE) -> -1468.7587 | P8: =VLOOKUP(N$6,'8. Uncertainty Results'!$B$364:$N$376,11,FALSE) -> -1464.2888 | Q8: =VLOOKUP(N$6,'8. Uncertainty Results'!$B$434:$N$446,11,FALSE) -> -1487.6343 | R8: =VLOOKUP(R$6,'8. Uncertainty Results'!$B$223:$N$235,11,FALSE) -> -29.882623 | S8: =VLOOKUP(R$6,'8. Uncertainty Results'!$B$293:$N$305,11,FALSE) -> -40.003379 | T8: =VLOOKUP(R$6,'8. Uncertainty Results'!$B$364:$N$376,11,FALSE) -> -38.893615 | U8: =VLOOKUP(R$6,'8. Uncertainty Results'!$B$434:$N$446,11,FALSE) -> -42.51057 | V8: =VLOOKUP(V$6,'8. Uncertainty Results'!$B$223:$N$235,11,FALSE) -> -862.67602 | W8: =VLOOKUP(V$6,'8. Uncertainty Results'!$B$293:$N$305,11,FALSE) -> -1148.1619 | X8: =VLOOKUP(V$6,'8. Uncertainty Results'!$B$364:$N$376,11,FALSE) -> -1062.4271 | Y8: =VLOOKUP(V$6,'8. Uncertainty Results'!$B$434:$N$446,11,FALSE) -> -1255.1264 | Z8: =VLOOKUP(Z$6,'8. Uncertainty Results'!$B$223:$N$235,11,FALSE) -> -27.863979 | AA8: =VLOOKUP(Z$6,'8. Uncertainty Results'!$B$293:$N$305,11,FALSE) -> -35.516203 | AB8: =VLOOKUP(Z$6,'8. Uncertainty Results'!$B$364:$N$376,11,FALSE) -> -34.412659 | AC8: =VLOOKUP(Z$6,'8. Uncertainty Results'!$B$434:$N$446,11,FALSE) -> -36.626251 | AD8: =VLOOKUP(AD$6,'8. Uncertainty Results'!$B$223:$N$235,11,FALSE) -> 2232.013 | AE8: =VLOOKUP(AD$6,'8. Uncertainty Results'!$B$293:$N$305,11,FALSE) -> 2241.4245 | AF8: =VLOOKUP(AD$6,'8. Uncertainty Results'!$B$364:$N$376,11,FALSE) -> 2254.1925 | AG8: =VLOOKUP(AD$6,'8. Uncertainty Results'!$B$434:$N$446,11,FALSE) -> 2225.7001 | AH8: =VLOOKUP(AH$6,'8. Uncertainty Results'!$B$223:$N$235,11,FALSE) -> -274.81451 | AI8: =VLOOKUP(AH$6,'8. Uncertainty Results'!$B$293:$N$305,11,FALSE) -> -362.66069 | AJ8: =VLOOKUP(AH$6,'8. Uncertainty Results'!$B$364:$N$376,11,FALSE) -> -366.63586 | AK8: =VLOOKUP(AH$6,'8. Uncertainty Results'!$B$434:$N$446,11,FALSE) -> -366.12352 | AL8: =VLOOKUP(AL$6,'8. Uncertainty Results'!$B$223:$N$235,11,FALSE) -> 8788.2794 | AM8: =VLOOKUP(AL$6,'8. Uncertainty Results'!$B$293:$N$305,11,FALSE) -> 9494.4469 | AN8: =VLOOKUP(AL$6,'8. Uncertainty Results'!$B$364:$N$376,11,FALSE) -> 9494.9831 | AO8: =VLOOKUP(AL$6,'8. Uncertainty Results'!$B$434:$N$446,11,FALSE) -> 9493.823 | AP8: =VLOOKUP(AP$6,'8. Uncertainty Results'!$B$223:$N$235,11,FALSE) -> 574.46896 | AQ8: =VLOOKUP(AP$6,'8. Uncertainty Results'!$B$293:$N$305,11,FALSE) -> 605.69177 | AR8: =VLOOKUP(AP$6,'8. Uncertainty Results'!$B$364:$N$376,11,FALSE) -> 609.19728 | AS8: =VLOOKUP(AP$6,'8. Uncertainty Results'!$B$434:$N$446,11,FALSE) -> 600.95255 | AT8: =VLOOKUP(AT$6,'8. Uncertainty Results'!$B$223:$N$235,11,FALSE) -> -10.237762 | AU8: =VLOOKUP(AT$6,'8. Uncertainty Results'!$B$293:$N$305,11,FALSE) -> -12.108743 | AV8: =VLOOKUP(AT$6,'8. Uncertainty Results'!$B$364:$N$376,11,FALSE) -> -9.3873163 | AW8: =VLOOKUP(AT$6,'8. Uncertainty Results'!$B$434:$N$446,11,FALSE) -> -14.686002 | AX8: =VLOOKUP(AX$6,'8. Uncertainty Results'!$B$223:$N$235,11,FALSE) -> 434.97039 | AY8: =VLOOKUP(AX$6,'8. Uncertainty Results'!$B$293:$N$305,11,FALSE) -> 550.96248 | AZ8: =VLOOKUP(AX$6,'8. Uncertainty Results'!$B$364:$N$376,11,FALSE) -> 552.19068 | BA8: =VLOOKUP(AX$6,'8. Uncertainty Results'!$B$434:$N$446,11,FALSE) -> 549.47023
A9: p50 | B9: =VLOOKUP(B$6,'8. Uncertainty Results'!$B$223:$N$235,12,FALSE) -> -68.219622 | C9: =VLOOKUP(B$6,'8. Uncertainty Results'!$B$293:$N$305,12,FALSE) -> -77.687367 | D9: =VLOOKUP(B$6,'8. Uncertainty Results'!$B$364:$N$376,12,FALSE) -> -75.32616 | E9: =VLOOKUP(B$6,'8. Uncertainty Results'!$B$434:$N$446,12,FALSE) -> -79.976633 | F9: =VLOOKUP(F$6,'8. Uncertainty Results'!$B$223:$N$235,12,FALSE) -> -148.49289 | G9: =VLOOKUP(F$6,'8. Uncertainty Results'!$B$293:$N$305,12,FALSE) -> -96.515456 | H9: =VLOOKUP(F$6,'8. Uncertainty Results'!$B$364:$N$376,12,FALSE) -> -79.43486 | I9: =VLOOKUP(F$6,'8. Uncertainty Results'!$B$434:$N$446,12,FALSE) -> -116.3588 | J9: =VLOOKUP(J$6,'8. Uncertainty Results'!$B$223:$N$235,12,FALSE) -> -45.287407 | K9: =VLOOKUP(J$6,'8. Uncertainty Results'!$B$293:$N$305,12,FALSE) -> 10.073609 | L9: =VLOOKUP(J$6,'8. Uncertainty Results'!$B$364:$N$376,12,FALSE) -> 28.380038 | M9: =VLOOKUP(J$6,'8. Uncertainty Results'!$B$434:$N$446,12,FALSE) -> -9.6769893 | N9: =VLOOKUP(N$6,'8. Uncertainty Results'!$B$223:$N$235,12,FALSE) -> -963.26078 | O9: =VLOOKUP(N$6,'8. Uncertainty Results'!$B$293:$N$305,12,FALSE) -> -3486.5863 | P9: =VLOOKUP(N$6,'8. Uncertainty Results'!$B$364:$N$376,12,FALSE) -> -3419.7338 | Q9: =VLOOKUP(N$6,'8. Uncertainty Results'!$B$434:$N$446,12,FALSE) -> -3465.3548 | R9: =VLOOKUP(R$6,'8. Uncertainty Results'!$B$223:$N$235,12,FALSE) -> -25.879549 | S9: =VLOOKUP(R$6,'8. Uncertainty Results'!$B$293:$N$305,12,FALSE) -> -41.361193 | T9: =VLOOKUP(R$6,'8. Uncertainty Results'!$B$364:$N$376,12,FALSE) -> -39.742932 | U9: =VLOOKUP(R$6,'8. Uncertainty Results'!$B$434:$N$446,12,FALSE) -> -44.169544 | V9: =VLOOKUP(V$6,'8. Uncertainty Results'!$B$223:$N$235,12,FALSE) -> -1095.5101 | W9: =VLOOKUP(V$6,'8. Uncertainty Results'!$B$293:$N$305,12,FALSE) -> -1581.8415 | X9: =VLOOKUP(V$6,'8. Uncertainty Results'!$B$364:$N$376,12,FALSE) -> -1482.6871 | Y9: =VLOOKUP(V$6,'8. Uncertainty Results'!$B$434:$N$446,12,FALSE) -> -1708.5345 | Z9: =VLOOKUP(Z$6,'8. Uncertainty Results'!$B$223:$N$235,12,FALSE) -> -20.592205 | AA9: =VLOOKUP(Z$6,'8. Uncertainty Results'!$B$293:$N$305,12,FALSE) -> -29.132273 | AB9: =VLOOKUP(Z$6,'8. Uncertainty Results'!$B$364:$N$376,12,FALSE) -> -28.45022 | AC9: =VLOOKUP(Z$6,'8. Uncertainty Results'!$B$434:$N$446,12,FALSE) -> -30.744778 | AD9: =VLOOKUP(AD$6,'8. Uncertainty Results'!$B$223:$N$235,12,FALSE) -> 3527.7743 | AE9: =VLOOKUP(AD$6,'8. Uncertainty Results'!$B$293:$N$305,12,FALSE) -> 3274.5246 | AF9: =VLOOKUP(AD$6,'8. Uncertainty Results'!$B$364:$N$376,12,FALSE) -> 3291.0124 | AG9: =VLOOKUP(AD$6,'8. Uncertainty Results'!$B$434:$N$446,12,FALSE) -> 3254.684 | AH9: =VLOOKUP(AH$6,'8. Uncertainty Results'!$B$223:$N$235,12,FALSE) -> -115.79657 | AI9: =VLOOKUP(AH$6,'8. Uncertainty Results'!$B$293:$N$305,12,FALSE) -> -401.30175 | AJ9: =VLOOKUP(AH$6,'8. Uncertainty Results'!$B$364:$N$376,12,FALSE) -> -400.28433 | AK9: =VLOOKUP(AH$6,'8. Uncertainty Results'!$B$434:$N$446,12,FALSE) -> -404.49632 | AL9: =VLOOKUP(AL$6,'8. Uncertainty Results'!$B$223:$N$235,12,FALSE) -> 11491.563 | AM9: =VLOOKUP(AL$6,'8. Uncertainty Results'!$B$293:$N$305,12,FALSE) -> 12968.573 | AN9: =VLOOKUP(AL$6,'8. Uncertainty Results'!$B$364:$N$376,12,FALSE) -> 12969.177 | AO9: =VLOOKUP(AL$6,'8. Uncertainty Results'!$B$434:$N$446,12,FALSE) -> 12967.877 | AP9: =VLOOKUP(AP$6,'8. Uncertainty Results'!$B$223:$N$235,12,FALSE) -> 925.29709 | AQ9: =VLOOKUP(AP$6,'8. Uncertainty Results'!$B$293:$N$305,12,FALSE) -> 873.44777 | AR9: =VLOOKUP(AP$6,'8. Uncertainty Results'!$B$364:$N$376,12,FALSE) -> 877.78902 | AS9: =VLOOKUP(AP$6,'8. Uncertainty Results'!$B$434:$N$446,12,FALSE) -> 868.01472 | AT9: =VLOOKUP(AT$6,'8. Uncertainty Results'!$B$223:$N$235,12,FALSE) -> -4.573901 | AU9: =VLOOKUP(AT$6,'8. Uncertainty Results'!$B$293:$N$305,12,FALSE) -> -2.2346981 | AV9: =VLOOKUP(AT$6,'8. Uncertainty Results'!$B$364:$N$376,12,FALSE) -> 0.76973057 | AW9: =VLOOKUP(AT$6,'8. Uncertainty Results'!$B$434:$N$446,12,FALSE) -> -5.83439 | AX9: =VLOOKUP(AX$6,'8. Uncertainty Results'!$B$223:$N$235,12,FALSE) -> 722.50344 | AY9: =VLOOKUP(AX$6,'8. Uncertainty Results'!$B$293:$N$305,12,FALSE) -> 789.93934 | AZ9: =VLOOKUP(AX$6,'8. Uncertainty Results'!$B$364:$N$376,12,FALSE) -> 791.53188 | BA9: =VLOOKUP(AX$6,'8. Uncertainty Results'!$B$434:$N$446,12,FALSE) -> 787.95094
A10: p90 | B10: =VLOOKUP(B$6,'8. Uncertainty Results'!$B$223:$N$235,13,FALSE) -> -106.18866 | C10: =VLOOKUP(B$6,'8. Uncertainty Results'!$B$293:$N$305,13,FALSE) -> -113.38093 | D10: =VLOOKUP(B$6,'8. Uncertainty Results'!$B$364:$N$376,13,FALSE) -> -111.75646 | E10: =VLOOKUP(B$6,'8. Uncertainty Results'!$B$434:$N$446,13,FALSE) -> -116.74002 | F10: =VLOOKUP(F$6,'8. Uncertainty Results'!$B$223:$N$235,13,FALSE) -> -162.84456 | G10: =VLOOKUP(F$6,'8. Uncertainty Results'!$B$293:$N$305,13,FALSE) -> -101.21278 | H10: =VLOOKUP(F$6,'8. Uncertainty Results'!$B$364:$N$376,13,FALSE) -> -81.210838 | I10: =VLOOKUP(F$6,'8. Uncertainty Results'!$B$434:$N$446,13,FALSE) -> -125.64048 | J10: =VLOOKUP(J$6,'8. Uncertainty Results'!$B$223:$N$235,13,FALSE) -> 9.7221124 | K10: =VLOOKUP(J$6,'8. Uncertainty Results'!$B$293:$N$305,13,FALSE) -> 79.808199 | L10: =VLOOKUP(J$6,'8. Uncertainty Results'!$B$364:$N$376,13,FALSE) -> 100.62441 | M10: =VLOOKUP(J$6,'8. Uncertainty Results'!$B$434:$N$446,13,FALSE) -> 55.989892 | N10: =VLOOKUP(N$6,'8. Uncertainty Results'!$B$223:$N$235,13,FALSE) -> -1430.7913 | O10: =VLOOKUP(N$6,'8. Uncertainty Results'!$B$293:$N$305,13,FALSE) -> -6271.9166 | P10: =VLOOKUP(N$6,'8. Uncertainty Results'!$B$364:$N$376,13,FALSE) -> -6184.9009 | Q10: =VLOOKUP(N$6,'8. Uncertainty Results'!$B$434:$N$446,13,FALSE) -> -6311.7539 | R10: =VLOOKUP(R$6,'8. Uncertainty Results'!$B$223:$N$235,13,FALSE) -> -16.359023 | S10: =VLOOKUP(R$6,'8. Uncertainty Results'!$B$293:$N$305,13,FALSE) -> -34.653405 | T10: =VLOOKUP(R$6,'8. Uncertainty Results'!$B$364:$N$376,13,FALSE) -> -31.413365 | U10: =VLOOKUP(R$6,'8. Uncertainty Results'!$B$434:$N$446,13,FALSE) -> -37.318145 | V10: =VLOOKUP(V$6,'8. Uncertainty Results'!$B$223:$N$235,13,FALSE) -> -1353.9333 | W10: =VLOOKUP(V$6,'8. Uncertainty Results'!$B$293:$N$305,13,FALSE) -> -2175.7846 | X10: =VLOOKUP(V$6,'8. Uncertainty Results'!$B$364:$N$376,13,FALSE) -> -2079.7111 | Y10: =VLOOKUP(V$6,'8. Uncertainty Results'!$B$434:$N$446,13,FALSE) -> -2322.2102 | Z10: =VLOOKUP(Z$6,'8. Uncertainty Results'!$B$223:$N$235,13,FALSE) -> -21.708512 | AA10: =VLOOKUP(Z$6,'8. Uncertainty Results'!$B$293:$N$305,13,FALSE) -> -27.533843 | AB10: =VLOOKUP(Z$6,'8. Uncertainty Results'!$B$364:$N$376,13,FALSE) -> -25.175675 | AC10: =VLOOKUP(Z$6,'8. Uncertainty Results'!$B$434:$N$446,13,FALSE) -> -29.442218 | AD10: =VLOOKUP(AD$6,'8. Uncertainty Results'!$B$223:$N$235,13,FALSE) -> 4963.3598 | AE10: =VLOOKUP(AD$6,'8. Uncertainty Results'!$B$293:$N$305,13,FALSE) -> 4168.9184 | AF10: =VLOOKUP(AD$6,'8. Uncertainty Results'!$B$364:$N$376,13,FALSE) -> 4189.2721 | AG10: =VLOOKUP(AD$6,'8. Uncertainty Results'!$B$434:$N$446,13,FALSE) -> 4144.1453 | AH10: =VLOOKUP(AH$6,'8. Uncertainty Results'!$B$223:$N$235,13,FALSE) -> 163.74008 | AI10: =VLOOKUP(AH$6,'8. Uncertainty Results'!$B$293:$N$305,13,FALSE) -> -431.26041 | AJ10: =VLOOKUP(AH$6,'8. Uncertainty Results'!$B$364:$N$376,13,FALSE) -> -431.60881 | AK10: =VLOOKUP(AH$6,'8. Uncertainty Results'!$B$434:$N$446,13,FALSE) -> -436.55592 | AL10: =VLOOKUP(AL$6,'8. Uncertainty Results'!$B$223:$N$235,13,FALSE) -> 14623.825 | AM10: =VLOOKUP(AL$6,'8. Uncertainty Results'!$B$293:$N$305,13,FALSE) -> 16883.115 | AN10: =VLOOKUP(AL$6,'8. Uncertainty Results'!$B$364:$N$376,13,FALSE) -> 16883.702 | AO10: =VLOOKUP(AL$6,'8. Uncertainty Results'!$B$434:$N$446,13,FALSE) -> 16881.991 | AP10: =VLOOKUP(AP$6,'8. Uncertainty Results'!$B$223:$N$235,13,FALSE) -> 1261.0647 | AQ10: =VLOOKUP(AP$6,'8. Uncertainty Results'!$B$293:$N$305,13,FALSE) -> 1114.1856 | AR10: =VLOOKUP(AP$6,'8. Uncertainty Results'!$B$364:$N$376,13,FALSE) -> 1119.628 | AS10: =VLOOKUP(AP$6,'8. Uncertainty Results'!$B$434:$N$446,13,FALSE) -> 1107.6936 | AT10: =VLOOKUP(AT$6,'8. Uncertainty Results'!$B$223:$N$235,13,FALSE) -> 10.130193 | AU10: =VLOOKUP(AT$6,'8. Uncertainty Results'!$B$293:$N$305,13,FALSE) -> 21.408984 | AV10: =VLOOKUP(AT$6,'8. Uncertainty Results'!$B$364:$N$376,13,FALSE) -> 25.402612 | AW10: =VLOOKUP(AT$6,'8. Uncertainty Results'!$B$434:$N$446,13,FALSE) -> 17.519457 | AX10: =VLOOKUP(AX$6,'8. Uncertainty Results'!$B$223:$N$235,13,FALSE) -> 1027.4046 | AY10: =VLOOKUP(AX$6,'8. Uncertainty Results'!$B$293:$N$305,13,FALSE) -> 1046.0953 | AZ10: =VLOOKUP(AX$6,'8. Uncertainty Results'!$B$364:$N$376,13,FALSE) -> 1048.1631 | BA10: =VLOOKUP(AX$6,'8. Uncertainty Results'!$B$434:$N$446,13,FALSE) -> 1043.6689
A12: By HUC8 watershed, based on increasing availability
B14: SS | F14: UQ | J14: BUR | N14: RSCV | R14: SBSV | V14: CSF | Z14: FLSSV | AD14: BS | AH14: BB | AL14: SFC | AP14: UB | AT14: UCKS
B15: SSP1 | C15: SSP2 | D15: SSP3 | E15: SSP5 | F15: SSP1 | G15: SSP2 | H15: SSP3 | I15: SSP5 | J15: SSP1 | K15: SSP2 | L15: SSP3 | M15: SSP5 | N15: SSP1 | O15: SSP2 | P15: SSP3 | Q15: SSP5 | R15: SSP1 | S15: SSP2 | T15: SSP3 | U15: SSP5 | V15: SSP1 | W15: SSP2 | X15: SSP3 | Y15: SSP5 | Z15: SSP1 | AA15: SSP2 | AB15: SSP3 | AC15: SSP5 | AD15: SSP1 | AE15: SSP2 | AF15: SSP3 | AG15: SSP5 | AH15: SSP1 | AI15: SSP2 | AJ15: SSP3 | AK15: SSP5 | AL15: SSP1 | AM15: SSP2 | AN15: SSP3 | AO15: SSP5 | AP15: SSP1 | AQ15: SSP2 | AR15: SSP3 | AS15: SSP5 | AT15: SSP1 | AU15: SSP2 | AV15: SSP3 | AW15: SSP5
A16: p10 | B16: {=N8:Q10} -> -389.82744 | C16: -1468.7587 | D16: -1464.2888 | E16: -1487.6343 | F16: {=AH8:AK10} -> -274.81451 | G16: -362.66069 | H16: -366.63586 | I16: -366.12352 | J16: {=F8:I10} -> -137.97431 | K16: -97.529141 | L16: -83.630003 | M16: -113.66207 | N16: {=B8:E10} -> -47.925476 | O16: -55.898533 | P16: -54.233805 | Q16: -57.603329 | R16: {=Z8:AC10} -> -27.863979 | S16: -35.516203 | T16: -34.412659 | U16: -36.626251 | V16: {=R8:U10} -> -29.882623 | W16: -40.003379 | X16: -38.893615 | Y16: -42.51057 | Z16: {=AT8:AW10} -> -10.237762 | AA16: -12.108743 | AB16: -9.3873163 | AC16: -14.686002 | AD16: {=J8:M10} -> -86.6769 | AE16: -45.586065 | AF16: -29.883434 | AG16: -60.868897 | AH16: {=AX8:BA10} -> 434.97039 | AI16: 550.96248 | AJ16: 552.19068 | AK16: 549.47023 | AL16: {=AP8:AS10} -> 574.46896 | AM16: 605.69177 | AN16: 609.19728 | AO16: 600.95255 | AP16: {=AD8:AG10} -> 2232.013 | AQ16: 2241.4245 | AR16: 2254.1925 | AS16: 2225.7001 | AT16: {=AL8:AO10} -> 8788.2794 | AU16: 9494.4469 | AV16: 9494.9831 | AW16: 9493.823
A17: p50 | B17: -963.26078 | C17: -3486.5863 | D17: -3419.7338 | E17: -3465.3548 | F17: -115.79657 | G17: -401.30175 | H17: -400.28433 | I17: -404.49632 | J17: -148.49289 | K17: -96.515456 | L17: -79.43486 | M17: -116.3588 | N17: -68.219622 | O17: -77.687367 | P17: -75.32616 | Q17: -79.976633 | R17: -20.592205 | S17: -29.132273 | T17: -28.45022 | U17: -30.744778 | V17: -25.879549 | W17: -41.361193 | X17: -39.742932 | Y17: -44.169544 | Z17: -4.573901 | AA17: -2.2346981 | AB17: 0.76973057 | AC17: -5.83439 | AD17: -45.287407 | AE17: 10.073609 | AF17: 28.380038 | AG17: -9.6769893 | AH17: 722.50344 | AI17: 789.93934 | AJ17: 791.53188 | AK17: 787.95094 | AL17: 925.29709 | AM17: 873.44777 | AN17: 877.78902 | AO17: 868.01472 | AP17: 3527.7743 | AQ17: 3274.5246 | AR17: 3291.0124 | AS17: 3254.684 | AT17: 11491.563 | AU17: 12968.573 | AV17: 12969.177 | AW17: 12967.877
A18: p90 | B18: -1430.7913 | C18: -6271.9166 | D18: -6184.9009 | E18: -6311.7539 | F18: 163.74008 | G18: -431.26041 | H18: -431.60881 | I18: -436.55592 | J18: -162.84456 | K18: -101.21278 | L18: -81.210838 | M18: -125.64048 | N18: -106.18866 | O18: -113.38093 | P18: -111.75646 | Q18: -116.74002 | R18: -21.708512 | S18: -27.533843 | T18: -25.175675 | U18: -29.442218 | V18: -16.359023 | W18: -34.653405 | X18: -31.413365 | Y18: -37.318145 | Z18: 10.130193 | AA18: 21.408984 | AB18: 25.402612 | AC18: 17.519457 | AD18: 9.7221124 | AE18: 79.808199 | AF18: 100.62441 | AG18: 55.989892 | AH18: 1027.4046 | AI18: 1046.0953 | AJ18: 1048.1631 | AK18: 1043.6689 | AL18: 1261.0647 | AM18: 1114.1856 | AN18: 1119.628 | AO18: 1107.6936 | AP18: 4963.3598 | AQ18: 4168.9184 | AR18: 4189.2721 | AS18: 4144.1453 | AT18: 14623.825 | AU18: 16883.115 | AV18: 16883.702 | AW18: 16881.991
A21: Table S9B. HadGEM2 Net Water Availability
A23: By HUC8 watershed, based on mine alphabetical order
B24: RSCV | F24: BUR | J24: BS | N24: SS | R24: CSF | V24: MOJ | Z24: SBSV | AD24: UB | AH24: UQ | AL24: UCKS | AP24: SFC | AT24: FLSSV | AX24: BB
B25: 16060011 | F25: 15030202 | J25: 15030201 | N25: 18100204 | R25: 16060013 | V25: 18090208 | Z25: 16060003 | AD25: 3050105 | AH25: 16040201 | AL25: 14030005 | AP25: 3050102 | AT25: 16060010 | AX25: 11140205
B26: RCP 4.5 SSP1 | C26: RCP 8.5 SSP2 | D26: RCP 8.5 SSP3 | E26: RCP 8.5 SSP5 | F26: RCP 4.5 SSP1 | G26: RCP 8.5 SSP2 | H26: RCP 8.5 SSP3 | I26: RCP 8.5 SSP5 | J26: RCP 4.5 SSP1 | K26: RCP 8.5 SSP2 | L26: RCP 8.5 SSP3 | M26: RCP 8.5 SSP5 | N26: RCP 4.5 SSP1 | O26: RCP 8.5 SSP2 | P26: RCP 8.5 SSP3 | Q26: RCP 8.5 SSP5 | R26: RCP 4.5 SSP1 | S26: RCP 8.5 SSP2 | T26: RCP 8.5 SSP3 | U26: RCP 8.5 SSP5 | V26: RCP 4.5 SSP1 | W26: RCP 8.5 SSP2 | X26: RCP 8.5 SSP3 | Y26: RCP 8.5 SSP5 | Z26: RCP 4.5 SSP1 | AA26: RCP 8.5 SSP2 | AB26: RCP 8.5 SSP3 | AC26: RCP 8.5 SSP5 | AD26: RCP 4.5 SSP1 | AE26: RCP 8.5 SSP2 | AF26: RCP 8.5 SSP3 | AG26: RCP 8.5 SSP5 | AH26: RCP 4.5 SSP1 | AI26: RCP 8.5 SSP2 | AJ26: RCP 8.5 SSP3 | AK26: RCP 8.5 SSP5 | AL26: RCP 4.5 SSP1 | AM26: RCP 8.5 SSP2 | AN26: RCP 8.5 SSP3 | AO26: RCP 8.5 SSP5 | AP26: RCP 4.5 SSP1 | AQ26: RCP 8.5 SSP2 | AR26: RCP 8.5 SSP3 | AS26: RCP 8.5 SSP5 | AT26: RCP 4.5 SSP1 | AU26: RCP 8.5 SSP2 | AV26: RCP 8.5 SSP3 | AW26: RCP 8.5 SSP5 | AX26: RCP 4.5 SSP1 | AY26: RCP 8.5 SSP2 | AZ26: RCP 8.5 SSP3 | BA26: RCP 8.5 SSP5
A27: p10 | B27: =VLOOKUP(B$6,'8. Uncertainty Results'!$B$236:$N$248,11,FALSE) -> -73.483352 | C27: =VLOOKUP(B$6,'8. Uncertainty Results'!$B$306:$N$318,11,FALSE) -> -65.992798 | D27: =VLOOKUP(B$6,'8. Uncertainty Results'!$B$377:$N$389,11,FALSE) -> -64.790453 | E27: =VLOOKUP(B$6,'8. Uncertainty Results'!$B$447:$N$459,11,FALSE) -> -66.843547 | F27: =VLOOKUP(F$6,'8. Uncertainty Results'!$B$236:$N$248,11,FALSE) -> -54.191198 | G27: =VLOOKUP(F$6,'8. Uncertainty Results'!$B$306:$N$318,11,FALSE) -> -101.24905 | H27: =VLOOKUP(F$6,'8. Uncertainty Results'!$B$377:$N$389,11,FALSE) -> -87.741846 | I27: =VLOOKUP(F$6,'8. Uncertainty Results'!$B$447:$N$459,11,FALSE) -> -116.77396 | J27: =VLOOKUP(J$6,'8. Uncertainty Results'!$B$236:$N$248,11,FALSE) -> 4.0631583 | K27: =VLOOKUP(J$6,'8. Uncertainty Results'!$B$306:$N$318,11,FALSE) -> -55.953492 | L27: =VLOOKUP(J$6,'8. Uncertainty Results'!$B$377:$N$389,11,FALSE) -> -41.899169 | M27: =VLOOKUP(J$6,'8. Uncertainty Results'!$B$447:$N$459,11,FALSE) -> -70.805252 | N27: =VLOOKUP(N$6,'8. Uncertainty Results'!$B$236:$N$248,11,FALSE) -> -662.25348 | O27: =VLOOKUP(N$6,'8. Uncertainty Results'!$B$306:$N$318,11,FALSE) -> -913.04363 | P27: =VLOOKUP(N$6,'8. Uncertainty Results'!$B$377:$N$389,11,FALSE) -> -914.18484 | Q27: =VLOOKUP(N$6,'8. Uncertainty Results'!$B$447:$N$459,11,FALSE) -> -920.78345 | R27: =VLOOKUP(R$6,'8. Uncertainty Results'!$B$236:$N$248,11,FALSE) -> -56.771636 | S27: =VLOOKUP(R$6,'8. Uncertainty Results'!$B$306:$N$318,11,FALSE) -> -54.41232 | T27: =VLOOKUP(R$6,'8. Uncertainty Results'!$B$377:$N$389,11,FALSE) -> -54.053682 | U27: =VLOOKUP(R$6,'8. Uncertainty Results'!$B$447:$N$459,11,FALSE) -> -57.113179 | V27: =VLOOKUP(V$6,'8. Uncertainty Results'!$B$236:$N$248,11,FALSE) -> -1408.511 | W27: =VLOOKUP(V$6,'8. Uncertainty Results'!$B$306:$N$318,11,FALSE) -> -2066.2626 | X27: =VLOOKUP(V$6,'8. Uncertainty Results'!$B$377:$N$389,11,FALSE) -> -1946.9741 | Y27: =VLOOKUP(V$6,'8. Uncertainty Results'!$B$447:$N$459,11,FALSE) -> -2146.4094 | Z27: =VLOOKUP(Z$6,'8. Uncertainty Results'!$B$236:$N$248,11,FALSE) -> -48.672758 | AA27: =VLOOKUP(Z$6,'8. Uncertainty Results'!$B$306:$N$318,11,FALSE) -> -48.922056 | AB27: =VLOOKUP(Z$6,'8. Uncertainty Results'!$B$377:$N$389,11,FALSE) -> -48.215928 | AC27: =VLOOKUP(Z$6,'8. Uncertainty Results'!$B$447:$N$459,11,FALSE) -> -50.211491 | AD27: =VLOOKUP(AD$6,'8. Uncertainty Results'!$B$236:$N$248,11,FALSE) -> 1672.853 | AE27: =VLOOKUP(AD$6,'8. Uncertainty Results'!$B$306:$N$318,11,FALSE) -> 1701.6329 | AF27: =VLOOKUP(AD$6,'8. Uncertainty Results'!$B$377:$N$389,11,FALSE) -> 1714.6972 | AG27: =VLOOKUP(AD$6,'8. Uncertainty Results'!$B$447:$N$459,11,FALSE) -> 1685.5844 | AH27: =VLOOKUP(AH$6,'8. Uncertainty Results'!$B$236:$N$248,11,FALSE) -> -390.19335 | AI27: =VLOOKUP(AH$6,'8. Uncertainty Results'!$B$306:$N$318,11,FALSE) -> -497.88727 | AJ27: =VLOOKUP(AH$6,'8. Uncertainty Results'!$B$377:$N$389,11,FALSE) -> -494.1633 | AK27: =VLOOKUP(AH$6,'8. Uncertainty Results'!$B$447:$N$459,11,FALSE) -> -494.68865 | AL27: =VLOOKUP(AL$6,'8. Uncertainty Results'!$B$236:$N$248,11,FALSE) -> 6251.3816 | AM27: =VLOOKUP(AL$6,'8. Uncertainty Results'!$B$306:$N$318,11,FALSE) -> 5806.0201 | AN27: =VLOOKUP(AL$6,'8. Uncertainty Results'!$B$377:$N$389,11,FALSE) -> 5806.7601 | AO27: =VLOOKUP(AL$6,'8. Uncertainty Results'!$B$447:$N$459,11,FALSE) -> 5805.6331 | AP27: =VLOOKUP(AP$6,'8. Uncertainty Results'!$B$236:$N$248,11,FALSE) -> 524.16619 | AQ27: =VLOOKUP(AP$6,'8. Uncertainty Results'!$B$306:$N$318,11,FALSE) -> 530.61248 | AR27: =VLOOKUP(AP$6,'8. Uncertainty Results'!$B$377:$N$389,11,FALSE) -> 534.47996 | AS27: =VLOOKUP(AP$6,'8. Uncertainty Results'!$B$447:$N$459,11,FALSE) -> 526.06751 | AT27: =VLOOKUP(AT$6,'8. Uncertainty Results'!$B$236:$N$248,11,FALSE) -> -26.025397 | AU27: =VLOOKUP(AT$6,'8. Uncertainty Results'!$B$306:$N$318,11,FALSE) -> -36.159577 | AV27: =VLOOKUP(AT$6,'8. Uncertainty Results'!$B$377:$N$389,11,FALSE) -> -33.050225 | AW27: =VLOOKUP(AT$6,'8. Uncertainty Results'!$B$447:$N$459,11,FALSE) -> -38.957362 | AX27: =VLOOKUP(AX$6,'8. Uncertainty Results'!$B$236:$N$248,11,FALSE) -> 437.38949 | AY27: =VLOOKUP(AX$6,'8. Uncertainty Results'!$B$306:$N$318,11,FALSE) -> 417.232 | AZ27: =VLOOKUP(AX$6,'8. Uncertainty Results'!$B$377:$N$389,11,FALSE) -> 418.80767 | BA27: =VLOOKUP(AX$6,'8. Uncertainty Results'!$B$447:$N$459,11,FALSE) -> 415.62309
A28: p50 | B28: =VLOOKUP(B$6,'8. Uncertainty Results'!$B$236:$N$248,12,FALSE) -> -164.59387 | C28: =VLOOKUP(B$6,'8. Uncertainty Results'!$B$306:$N$318,12,FALSE) -> -96.509332 | D28: =VLOOKUP(B$6,'8. Uncertainty Results'!$B$377:$N$389,12,FALSE) -> -95.260502 | E28: =VLOOKUP(B$6,'8. Uncertainty Results'!$B$447:$N$459,12,FALSE) -> -98.598283 | F28: =VLOOKUP(F$6,'8. Uncertainty Results'!$B$236:$N$248,12,FALSE) -> -17.034221 | G28: =VLOOKUP(F$6,'8. Uncertainty Results'!$B$306:$N$318,12,FALSE) -> -99.57135 | H28: =VLOOKUP(F$6,'8. Uncertainty Results'!$B$377:$N$389,12,FALSE) -> -82.987907 | I28: =VLOOKUP(F$6,'8. Uncertainty Results'!$B$447:$N$459,12,FALSE) -> -117.77903 | J28: =VLOOKUP(J$6,'8. Uncertainty Results'!$B$236:$N$248,12,FALSE) -> 104.44834 | K28: =VLOOKUP(J$6,'8. Uncertainty Results'!$B$306:$N$318,12,FALSE) -> 2.5531522 | L28: =VLOOKUP(J$6,'8. Uncertainty Results'!$B$377:$N$389,12,FALSE) -> 19.854562 | M28: =VLOOKUP(J$6,'8. Uncertainty Results'!$B$447:$N$459,12,FALSE) -> -16.227222 | N28: =VLOOKUP(N$6,'8. Uncertainty Results'!$B$236:$N$248,12,FALSE) -> -1558.2116 | O28: =VLOOKUP(N$6,'8. Uncertainty Results'!$B$306:$N$318,12,FALSE) -> -1905.4185 | P28: =VLOOKUP(N$6,'8. Uncertainty Results'!$B$377:$N$389,12,FALSE) -> -1905.5295 | Q28: =VLOOKUP(N$6,'8. Uncertainty Results'!$B$447:$N$459,12,FALSE) -> -1949.3619 | R28: =VLOOKUP(R$6,'8. Uncertainty Results'!$B$236:$N$248,12,FALSE) -> -128.34803 | S28: =VLOOKUP(R$6,'8. Uncertainty Results'!$B$306:$N$318,12,FALSE) -> -68.777171 | T28: =VLOOKUP(R$6,'8. Uncertainty Results'!$B$377:$N$389,12,FALSE) -> -67.327949 | U28: =VLOOKUP(R$6,'8. Uncertainty Results'!$B$447:$N$459,12,FALSE) -> -71.318408 | V28: =VLOOKUP(V$6,'8. Uncertainty Results'!$B$236:$N$248,12,FALSE) -> -2119.5925 | W28: =VLOOKUP(V$6,'8. Uncertainty Results'!$B$306:$N$318,12,FALSE) -> -2950.7553 | X28: =VLOOKUP(V$6,'8. Uncertainty Results'!$B$377:$N$389,12,FALSE) -> -2837.0977 | Y28: =VLOOKUP(V$6,'8. Uncertainty Results'!$B$447:$N$459,12,FALSE) -> -3060.4119 | Z28: =VLOOKUP(Z$6,'8. Uncertainty Results'!$B$236:$N$248,12,FALSE) -> -105.36672 | AA28: =VLOOKUP(Z$6,'8. Uncertainty Results'!$B$306:$N$318,12,FALSE) -> -59.591366 | AB28: =VLOOKUP(Z$6,'8. Uncertainty Results'!$B$377:$N$389,12,FALSE) -> -58.069622 | AC28: =VLOOKUP(Z$6,'8. Uncertainty Results'!$B$447:$N$459,12,FALSE) -> -61.062628 | AD28: =VLOOKUP(AD$6,'8. Uncertainty Results'!$B$236:$N$248,12,FALSE) -> 2815.7949 | AE28: =VLOOKUP(AD$6,'8. Uncertainty Results'!$B$306:$N$318,12,FALSE) -> 3142.2943 | AF28: =VLOOKUP(AD$6,'8. Uncertainty Results'!$B$377:$N$389,12,FALSE) -> 3159.0965 | AG28: =VLOOKUP(AD$6,'8. Uncertainty Results'!$B$447:$N$459,12,FALSE) -> 3122.1083 | AH28: =VLOOKUP(AH$6,'8. Uncertainty Results'!$B$236:$N$248,12,FALSE) -> -559.99987 | AI28: =VLOOKUP(AH$6,'8. Uncertainty Results'!$B$306:$N$318,12,FALSE) -> -611.29002 | AJ28: =VLOOKUP(AH$6,'8. Uncertainty Results'!$B$377:$N$389,12,FALSE) -> -607.40948 | AK28: =VLOOKUP(AH$6,'8. Uncertainty Results'!$B$447:$N$459,12,FALSE) -> -611.56873 | AL28: =VLOOKUP(AL$6,'8. Uncertainty Results'!$B$236:$N$248,12,FALSE) -> 9227.7169 | AM28: =VLOOKUP(AL$6,'8. Uncertainty Results'!$B$306:$N$318,12,FALSE) -> 8494.3052 | AN28: =VLOOKUP(AL$6,'8. Uncertainty Results'!$B$377:$N$389,12,FALSE) -> 8494.806 | AO28: =VLOOKUP(AL$6,'8. Uncertainty Results'!$B$447:$N$459,12,FALSE) -> 8493.6722 | AP28: =VLOOKUP(AP$6,'8. Uncertainty Results'!$B$236:$N$248,12,FALSE) -> 804.5829 | AQ28: =VLOOKUP(AP$6,'8. Uncertainty Results'!$B$306:$N$318,12,FALSE) -> 874.69553 | AR28: =VLOOKUP(AP$6,'8. Uncertainty Results'!$B$377:$N$389,12,FALSE) -> 879.0324 | AS28: =VLOOKUP(AP$6,'8. Uncertainty Results'!$B$447:$N$459,12,FALSE) -> 869.23763 | AT28: =VLOOKUP(AT$6,'8. Uncertainty Results'!$B$236:$N$248,12,FALSE) -> -56.843923 | AU28: =VLOOKUP(AT$6,'8. Uncertainty Results'!$B$306:$N$318,12,FALSE) -> -55.913223 | AV28: =VLOOKUP(AT$6,'8. Uncertainty Results'!$B$377:$N$389,12,FALSE) -> -52.78389 | AW28: =VLOOKUP(AT$6,'8. Uncertainty Results'!$B$447:$N$459,12,FALSE) -> -58.617158 | AX28: =VLOOKUP(AX$6,'8. Uncertainty Results'!$B$236:$N$248,12,FALSE) -> 813.25913 | AY28: =VLOOKUP(AX$6,'8. Uncertainty Results'!$B$306:$N$318,12,FALSE) -> 656.01525 | AZ28: =VLOOKUP(AX$6,'8. Uncertainty Results'!$B$377:$N$389,12,FALSE) -> 657.73263 | BA28: =VLOOKUP(AX$6,'8. Uncertainty Results'!$B$447:$N$459,12,FALSE) -> 654.02014
A29: p90 | B29: =VLOOKUP(B$6,'8. Uncertainty Results'!$B$236:$N$248,13,FALSE) -> -328.38333 | C29: =VLOOKUP(B$6,'8. Uncertainty Results'!$B$306:$N$318,13,FALSE) -> -149.94186 | D29: =VLOOKUP(B$6,'8. Uncertainty Results'!$B$377:$N$389,13,FALSE) -> -148.21885 | E29: =VLOOKUP(B$6,'8. Uncertainty Results'!$B$447:$N$459,13,FALSE) -> -152.34363 | F29: =VLOOKUP(F$6,'8. Uncertainty Results'!$B$236:$N$248,13,FALSE) -> 44.505307 | G29: =VLOOKUP(F$6,'8. Uncertainty Results'!$B$306:$N$318,13,FALSE) -> -103.71506 | H29: =VLOOKUP(F$6,'8. Uncertainty Results'!$B$377:$N$389,13,FALSE) -> -83.40674 | I29: =VLOOKUP(F$6,'8. Uncertainty Results'!$B$447:$N$459,13,FALSE) -> -125.92819 | J29: =VLOOKUP(J$6,'8. Uncertainty Results'!$B$236:$N$248,13,FALSE) -> 251.89982 | K29: =VLOOKUP(J$6,'8. Uncertainty Results'!$B$306:$N$318,13,FALSE) -> 93.205244 | L29: =VLOOKUP(J$6,'8. Uncertainty Results'!$B$377:$N$389,13,FALSE) -> 112.72197 | M29: =VLOOKUP(J$6,'8. Uncertainty Results'!$B$447:$N$459,13,FALSE) -> 69.179397 | N29: =VLOOKUP(N$6,'8. Uncertainty Results'!$B$236:$N$248,13,FALSE) -> -2690.7272 | O29: =VLOOKUP(N$6,'8. Uncertainty Results'!$B$306:$N$318,13,FALSE) -> -3286.815 | P29: =VLOOKUP(N$6,'8. Uncertainty Results'!$B$377:$N$389,13,FALSE) -> -3278.5989 | Q29: =VLOOKUP(N$6,'8. Uncertainty Results'!$B$447:$N$459,13,FALSE) -> -3327.5922 | R29: =VLOOKUP(R$6,'8. Uncertainty Results'!$B$236:$N$248,13,FALSE) -> -240.6364 | S29: =VLOOKUP(R$6,'8. Uncertainty Results'!$B$306:$N$318,13,FALSE) -> -79.809692 | T29: =VLOOKUP(R$6,'8. Uncertainty Results'!$B$377:$N$389,13,FALSE) -> -76.809429 | U29: =VLOOKUP(R$6,'8. Uncertainty Results'!$B$447:$N$459,13,FALSE) -> -83.276613 | V29: =VLOOKUP(V$6,'8. Uncertainty Results'!$B$236:$N$248,13,FALSE) -> -3133.3436 | W29: =VLOOKUP(V$6,'8. Uncertainty Results'!$B$306:$N$318,13,FALSE) -> -3954.4061 | X29: =VLOOKUP(V$6,'8. Uncertainty Results'!$B$377:$N$389,13,FALSE) -> -3844.1187 | Y29: =VLOOKUP(V$6,'8. Uncertainty Results'!$B$447:$N$459,13,FALSE) -> -4085.3593 | Z29: =VLOOKUP(Z$6,'8. Uncertainty Results'!$B$236:$N$248,13,FALSE) -> -216.81767 | AA29: =VLOOKUP(Z$6,'8. Uncertainty Results'!$B$306:$N$318,13,FALSE) -> -85.978712 | AB29: =VLOOKUP(Z$6,'8. Uncertainty Results'!$B$377:$N$389,13,FALSE) -> -83.983668 | AC29: =VLOOKUP(Z$6,'8. Uncertainty Results'!$B$447:$N$459,13,FALSE) -> -87.732522 | AD29: =VLOOKUP(AD$6,'8. Uncertainty Results'!$B$236:$N$248,13,FALSE) -> 3896.332 | AE29: =VLOOKUP(AD$6,'8. Uncertainty Results'!$B$306:$N$318,13,FALSE) -> 4909.4335 | AF29: =VLOOKUP(AD$6,'8. Uncertainty Results'!$B$377:$N$389,13,FALSE) -> 4929.215 | AG29: =VLOOKUP(AD$6,'8. Uncertainty Results'!$B$447:$N$459,13,FALSE) -> 4883.96 | AH29: =VLOOKUP(AH$6,'8. Uncertainty Results'!$B$236:$N$248,13,FALSE) -> -818.13817 | AI29: =VLOOKUP(AH$6,'8. Uncertainty Results'!$B$306:$N$318,13,FALSE) -> -724.40121 | AJ29: =VLOOKUP(AH$6,'8. Uncertainty Results'!$B$377:$N$389,13,FALSE) -> -720.2427 | AK29: =VLOOKUP(AH$6,'8. Uncertainty Results'!$B$447:$N$459,13,FALSE) -> -723.10555 | AL29: =VLOOKUP(AL$6,'8. Uncertainty Results'!$B$236:$N$248,13,FALSE) -> 12921.209 | AM29: =VLOOKUP(AL$6,'8. Uncertainty Results'!$B$306:$N$318,13,FALSE) -> 11752.227 | AN29: =VLOOKUP(AL$6,'8. Uncertainty Results'!$B$377:$N$389,13,FALSE) -> 11752.776 | AO29: =VLOOKUP(AL$6,'8. Uncertainty Results'!$B$447:$N$459,13,FALSE) -> 11751.351 | AP29: =VLOOKUP(AP$6,'8. Uncertainty Results'!$B$236:$N$248,13,FALSE) -> 1076.5685 | AQ29: =VLOOKUP(AP$6,'8. Uncertainty Results'!$B$306:$N$318,13,FALSE) -> 1322.0066 | AR29: =VLOOKUP(AP$6,'8. Uncertainty Results'!$B$377:$N$389,13,FALSE) -> 1326.7999 | AS29: =VLOOKUP(AP$6,'8. Uncertainty Results'!$B$447:$N$459,13,FALSE) -> 1315.4459 | AT29: =VLOOKUP(AT$6,'8. Uncertainty Results'!$B$236:$N$248,13,FALSE) -> -105.72521 | AU29: =VLOOKUP(AT$6,'8. Uncertainty Results'!$B$306:$N$318,13,FALSE) -> -71.799925 | AV29: =VLOOKUP(AT$6,'8. Uncertainty Results'!$B$377:$N$389,13,FALSE) -> -68.471259 | AW29: =VLOOKUP(AT$6,'8. Uncertainty Results'!$B$447:$N$459,13,FALSE) -> -75.675877 | AX29: =VLOOKUP(AX$6,'8. Uncertainty Results'!$B$236:$N$248,13,FALSE) -> 1240.7029 | AY29: =VLOOKUP(AX$6,'8. Uncertainty Results'!$B$306:$N$318,13,FALSE) -> 954.23403 | AZ29: =VLOOKUP(AX$6,'8. Uncertainty Results'!$B$377:$N$389,13,FALSE) -> 956.13043 | BA29: =VLOOKUP(AX$6,'8. Uncertainty Results'!$B$447:$N$459,13,FALSE) -> 952.04118
A31: By HUC8 watershed, based on increasing availability
B33: SS | F33: UQ | J33: BUR | N33: RSCV | R33: SBSV | V33: CSF | Z33: FLSSV | AD33: BS | AH33: BB | AL33: SFC | AP33: UB | AT33: UCKS
B34: SSP1 | C34: SSP2 | D34: SSP3 | E34: SSP5 | F34: SSP1 | G34: SSP2 | H34: SSP3 | I34: SSP5 | J34: SSP1 | K34: SSP2 | L34: SSP3 | M34: SSP5 | N34: SSP1 | O34: SSP2 | P34: SSP3 | Q34: SSP5 | R34: SSP1 | S34: SSP2 | T34: SSP3 | U34: SSP5 | V34: SSP1 | W34: SSP2 | X34: SSP3 | Y34: SSP5 | Z34: SSP1 | AA34: SSP2 | AB34: SSP3 | AC34: SSP5 | AD34: SSP1 | AE34: SSP2 | AF34: SSP3 | AG34: SSP5 | AH34: SSP1 | AI34: SSP2 | AJ34: SSP3 | AK34: SSP5 | AL34: SSP1 | AM34: SSP2 | AN34: SSP3 | AO34: SSP5 | AP34: SSP1 | AQ34: SSP2 | AR34: SSP3 | AS34: SSP5 | AT34: SSP1 | AU34: SSP2 | AV34: SSP3 | AW34: SSP5
A35: p10 | B35: {=N27:Q29} -> -662.25348 | C35: -913.04363 | D35: -914.18484 | E35: -920.78345 | F35: {=AH27:AK29} -> -390.19335 | G35: -497.88727 | H35: -494.1633 | I35: -494.68865 | J35: {=F27:I29} -> -54.191198 | K35: -101.24905 | L35: -87.741846 | M35: -116.77396 | N35: {=B27:E29} -> -73.483352 | O35: -65.992798 | P35: -64.790453 | Q35: -66.843547 | R35: {=Z27:AC29} -> -48.672758 | S35: -48.922056 | T35: -48.215928 | U35: -50.211491 | V35: {=R27:U29} -> -56.771636 | W35: -54.41232 | X35: -54.053682 | Y35: -57.113179 | Z35: {=AT27:AW29} -> -26.025397 | AA35: -36.159577 | AB35: -33.050225 | AC35: -38.957362 | AD35: {=J27:M29} -> 4.0631583 | AE35: -55.953492 | AF35: -41.899169 | AG35: -70.805252 | AH35: {=AX27:BA29} -> 437.38949 | AI35: 417.232 | AJ35: 418.80767 | AK35: 415.62309 | AL35: {=AP27:AS29} -> 524.16619 | AM35: 530.61248 | AN35: 534.47996 | AO35: 526.06751 | AP35: {=AD27:AG29} -> 1672.853 | AQ35: 1701.6329 | AR35: 1714.6972 | AS35: 1685.5844 | AT35: {=AL27:AO29} -> 6251.3816 | AU35: 5806.0201 | AV35: 5806.7601 | AW35: 5805.6331
A36: p50 | B36: -1558.2116 | C36: -1905.4185 | D36: -1905.5295 | E36: -1949.3619 | F36: -559.99987 | G36: -611.29002 | H36: -607.40948 | I36: -611.56873 | J36: -17.034221 | K36: -99.57135 | L36: -82.987907 | M36: -117.77903 | N36: -164.59387 | O36: -96.509332 | P36: -95.260502 | Q36: -98.598283 | R36: -105.36672 | S36: -59.591366 | T36: -58.069622 | U36: -61.062628 | V36: -128.34803 | W36: -68.777171 | X36: -67.327949 | Y36: -71.318408 | Z36: -56.843923 | AA36: -55.913223 | AB36: -52.78389 | AC36: -58.617158 | AD36: 104.44834 | AE36: 2.5531522 | AF36: 19.854562 | AG36: -16.227222 | AH36: 813.25913 | AI36: 656.01525 | AJ36: 657.73263 | AK36: 654.02014 | AL36: 804.5829 | AM36: 874.69553 | AN36: 879.0324 | AO36: 869.23763 | AP36: 2815.7949 | AQ36: 3142.2943 | AR36: 3159.0965 | AS36: 3122.1083 | AT36: 9227.7169 | AU36: 8494.3052 | AV36: 8494.806 | AW36: 8493.6722
A37: p90 | B37: -2690.7272 | C37: -3286.815 | D37: -3278.5989 | E37: -3327.5922 | F37: -818.13817 | G37: -724.40121 | H37: -720.2427 | I37: -723.10555 | J37: 44.505307 | K37: -103.71506 | L37: -83.40674 | M37: -125.92819 | N37: -328.38333 | O37: -149.94186 | P37: -148.21885 | Q37: -152.34363 | R37: -216.81767 | S37: -85.978712 | T37: -83.983668 | U37: -87.732522 | V37: -240.6364 | W37: -79.809692 | X37: -76.809429 | Y37: -83.276613 | Z37: -105.72521 | AA37: -71.799925 | AB37: -68.471259 | AC37: -75.675877 | AD37: 251.89982 | AE37: 93.205244 | AF37: 112.72197 | AG37: 69.179397 | AH37: 1240.7029 | AI37: 954.23403 | AJ37: 956.13043 | AK37: 952.04118 | AL37: 1076.5685 | AM37: 1322.0066 | AN37: 1326.7999 | AO37: 1315.4459 | AP37: 3896.332 | AQ37: 4909.4335 | AR37: 4929.215 | AS37: 4883.96 | AT37: 12921.209 | AU37: 11752.227 | AV37: 11752.776 | AW37: 11751.351
A40: Table S9C. IPSL Net Water Availability
A42: By HUC8 watershed, based on mine alphabetical order
B43: RSCV | F43: BUR | J43: BS | N43: SS | R43: CSF | V43: MOJ | Z43: SBSV | AD43: UB | AH43: UQ | AL43: UCKS | AP43: SFC | AT43: FLSSV | AX43: BB
B44: 16060011 | F44: 15030202 | J44: 15030201 | N44: 18100204 | R44: 16060013 | V44: 18090208 | Z44: 16060003 | AD44: 3050105 | AH44: 16040201 | AL44: 14030005 | AP44: 3050102 | AT44: 16060010 | AX44: 11140205
B45: RCP 4.5 SSP1 | C45: RCP 8.5 SSP2 | D45: RCP 8.5 SSP3 | E45: RCP 8.5 SSP5 | F45: RCP 4.5 SSP1 | G45: RCP 8.5 SSP2 | H45: RCP 8.5 SSP3 | I45: RCP 8.5 SSP5 | J45: RCP 4.5 SSP1 | K45: RCP 8.5 SSP2 | L45: RCP 8.5 SSP3 | M45: RCP 8.5 SSP5 | N45: RCP 4.5 SSP1 | O45: RCP 8.5 SSP2 | P45: RCP 8.5 SSP3 | Q45: RCP 8.5 SSP5 | R45: RCP 4.5 SSP1 | S45: RCP 8.5 SSP2 | T45: RCP 8.5 SSP3 | U45: RCP 8.5 SSP5 | V45: RCP 4.5 SSP1 | W45: RCP 8.5 SSP2 | X45: RCP 8.5 SSP3 | Y45: RCP 8.5 SSP5 | Z45: RCP 4.5 SSP1 | AA45: RCP 8.5 SSP2 | AB45: RCP 8.5 SSP3 | AC45: RCP 8.5 SSP5 | AD45: RCP 4.5 SSP1 | AE45: RCP 8.5 SSP2 | AF45: RCP 8.5 SSP3 | AG45: RCP 8.5 SSP5 | AH45: RCP 4.5 SSP1 | AI45: RCP 8.5 SSP2 | AJ45: RCP 8.5 SSP3 | AK45: RCP 8.5 SSP5 | AL45: RCP 4.5 SSP1 | AM45: RCP 8.5 SSP2 | AN45: RCP 8.5 SSP3 | AO45: RCP 8.5 SSP5 | AP45: RCP 4.5 SSP1 | AQ45: RCP 8.5 SSP2 | AR45: RCP 8.5 SSP3 | AS45: RCP 8.5 SSP5 | AT45: RCP 4.5 SSP1 | AU45: RCP 8.5 SSP2 | AV45: RCP 8.5 SSP3 | AW45: RCP 8.5 SSP5 | AX45: RCP 4.5 SSP1 | AY45: RCP 8.5 SSP2 | AZ45: RCP 8.5 SSP3 | BA45: RCP 8.5 SSP5
A46: p10 | B46: =VLOOKUP(B$6,'8. Uncertainty Results'!$B$249:$N$261,11,FALSE) -> -153.46172 | C46: =VLOOKUP(B$6,'8. Uncertainty Results'!$B$319:$N$331,11,FALSE) -> -5.0238041 | D46: =VLOOKUP(B$6,'8. Uncertainty Results'!$B$390:$N$402,11,FALSE) -> -3.7999946 | E46: =VLOOKUP(B$6,'8. Uncertainty Results'!$B$460:$N$472,11,FALSE) -> -6.7084378 | F46: =VLOOKUP(F$6,'8. Uncertainty Results'!$B$249:$N$261,11,FALSE) -> -298.50321 | G46: =VLOOKUP(F$6,'8. Uncertainty Results'!$B$319:$N$331,11,FALSE) -> -84.169979 | H46: =VLOOKUP(F$6,'8. Uncertainty Results'!$B$390:$N$402,11,FALSE) -> -72.128541 | I46: =VLOOKUP(F$6,'8. Uncertainty Results'!$B$460:$N$472,11,FALSE) -> -99.350947 | J46: =VLOOKUP(J$6,'8. Uncertainty Results'!$B$249:$N$261,11,FALSE) -> -261.0535 | K46: =VLOOKUP(J$6,'8. Uncertainty Results'!$B$319:$N$331,11,FALSE) -> -47.323083 | L46: =VLOOKUP(J$6,'8. Uncertainty Results'!$B$390:$N$402,11,FALSE) -> -34.859246 | M46: =VLOOKUP(J$6,'8. Uncertainty Results'!$B$460:$N$472,11,FALSE) -> -61.521341 | N46: =VLOOKUP(N$6,'8. Uncertainty Results'!$B$249:$N$261,11,FALSE) -> -5183.7001 | O46: =VLOOKUP(N$6,'8. Uncertainty Results'!$B$319:$N$331,11,FALSE) -> -107.68808 | P46: =VLOOKUP(N$6,'8. Uncertainty Results'!$B$390:$N$402,11,FALSE) -> -82.399214 | Q46: =VLOOKUP(N$6,'8. Uncertainty Results'!$B$460:$N$472,11,FALSE) -> -102.24251 | R46: =VLOOKUP(R$6,'8. Uncertainty Results'!$B$249:$N$261,11,FALSE) -> -139.84282 | S46: =VLOOKUP(R$6,'8. Uncertainty Results'!$B$319:$N$331,11,FALSE) -> 7.8255951 | T46: =VLOOKUP(R$6,'8. Uncertainty Results'!$B$390:$N$402,11,FALSE) -> 9.3729584 | U46: =VLOOKUP(R$6,'8. Uncertainty Results'!$B$460:$N$472,11,FALSE) -> 6.5263518 | V46: =VLOOKUP(V$6,'8. Uncertainty Results'!$B$249:$N$261,11,FALSE) -> -2613.08 | W46: =VLOOKUP(V$6,'8. Uncertainty Results'!$B$319:$N$331,11,FALSE) -> -668.11039 | X46: =VLOOKUP(V$6,'8. Uncertainty Results'!$B$390:$N$402,11,FALSE) -> -583.34658 | Y46: =VLOOKUP(V$6,'8. Uncertainty Results'!$B$460:$N$472,11,FALSE) -> -760.10664 | Z46: =VLOOKUP(Z$6,'8. Uncertainty Results'!$B$249:$N$261,11,FALSE) -> -114.231 | AA46: =VLOOKUP(Z$6,'8. Uncertainty Results'!$B$319:$N$331,11,FALSE) -> -2.560505 | AB46: =VLOOKUP(Z$6,'8. Uncertainty Results'!$B$390:$N$402,11,FALSE) -> -1.6867344 | AC46: =VLOOKUP(Z$6,'8. Uncertainty Results'!$B$460:$N$472,11,FALSE) -> -3.6427335 | AD46: =VLOOKUP(AD$6,'8. Uncertainty Results'!$B$249:$N$261,11,FALSE) -> 1911.6563 | AE46: =VLOOKUP(AD$6,'8. Uncertainty Results'!$B$319:$N$331,11,FALSE) -> 1813.0291 | AF46: =VLOOKUP(AD$6,'8. Uncertainty Results'!$B$390:$N$402,11,FALSE) -> 1825.6953 | AG46: =VLOOKUP(AD$6,'8. Uncertainty Results'!$B$460:$N$472,11,FALSE) -> 1797.3351 | AH46: =VLOOKUP(AH$6,'8. Uncertainty Results'!$B$249:$N$261,11,FALSE) -> -686.10817 | AI46: =VLOOKUP(AH$6,'8. Uncertainty Results'!$B$319:$N$331,11,FALSE) -> -163.76863 | AJ46: =VLOOKUP(AH$6,'8. Uncertainty Results'!$B$390:$N$402,11,FALSE) -> -160.89636 | AK46: =VLOOKUP(AH$6,'8. Uncertainty Results'!$B$460:$N$472,11,FALSE) -> -163.53818 | AL46: =VLOOKUP(AL$6,'8. Uncertainty Results'!$B$249:$N$261,11,FALSE) -> 5645.7252 | AM46: =VLOOKUP(AL$6,'8. Uncertainty Results'!$B$319:$N$331,11,FALSE) -> 4124.0986 | AN46: =VLOOKUP(AL$6,'8. Uncertainty Results'!$B$390:$N$402,11,FALSE) -> 4124.8101 | AO46: =VLOOKUP(AL$6,'8. Uncertainty Results'!$B$460:$N$472,11,FALSE) -> 4123.6101 | AP46: =VLOOKUP(AP$6,'8. Uncertainty Results'!$B$249:$N$261,11,FALSE) -> 548.11277 | AQ46: =VLOOKUP(AP$6,'8. Uncertainty Results'!$B$319:$N$331,11,FALSE) -> 524.72401 | AR46: =VLOOKUP(AP$6,'8. Uncertainty Results'!$B$390:$N$402,11,FALSE) -> 528.15139 | AS46: =VLOOKUP(AP$6,'8. Uncertainty Results'!$B$460:$N$472,11,FALSE) -> 520.35515 | AT46: =VLOOKUP(AT$6,'8. Uncertainty Results'!$B$249:$N$261,11,FALSE) -> -89.507057 | AU46: =VLOOKUP(AT$6,'8. Uncertainty Results'!$B$319:$N$331,11,FALSE) -> 16.487393 | AV46: =VLOOKUP(AT$6,'8. Uncertainty Results'!$B$390:$N$402,11,FALSE) -> 18.78304 | AW46: =VLOOKUP(AT$6,'8. Uncertainty Results'!$B$460:$N$472,11,FALSE) -> 13.914656 | AX46: =VLOOKUP(AX$6,'8. Uncertainty Results'!$B$249:$N$261,11,FALSE) -> 446.15803 | AY46: =VLOOKUP(AX$6,'8. Uncertainty Results'!$B$319:$N$331,11,FALSE) -> 386.04057 | AZ46: =VLOOKUP(AX$6,'8. Uncertainty Results'!$B$390:$N$402,11,FALSE) -> 387.45669 | BA46: =VLOOKUP(AX$6,'8. Uncertainty Results'!$B$460:$N$472,11,FALSE) -> 384.27585
A47: p50 | B47: =VLOOKUP(B$6,'8. Uncertainty Results'!$B$249:$N$261,12,FALSE) -> -321.89829 | C47: =VLOOKUP(B$6,'8. Uncertainty Results'!$B$319:$N$331,12,FALSE) -> -5.8366644 | D47: =VLOOKUP(B$6,'8. Uncertainty Results'!$B$390:$N$402,12,FALSE) -> -4.3682132 | E47: =VLOOKUP(B$6,'8. Uncertainty Results'!$B$460:$N$472,12,FALSE) -> -7.7919413 | F47: =VLOOKUP(F$6,'8. Uncertainty Results'!$B$249:$N$261,12,FALSE) -> -773.87717 | G47: =VLOOKUP(F$6,'8. Uncertainty Results'!$B$319:$N$331,12,FALSE) -> -87.719703 | H47: =VLOOKUP(F$6,'8. Uncertainty Results'!$B$390:$N$402,12,FALSE) -> -72.744238 | I47: =VLOOKUP(F$6,'8. Uncertainty Results'!$B$460:$N$472,12,FALSE) -> -106.18606 | J47: =VLOOKUP(J$6,'8. Uncertainty Results'!$B$249:$N$261,12,FALSE) -> -682.83949 | K47: =VLOOKUP(J$6,'8. Uncertainty Results'!$B$319:$N$331,12,FALSE) -> -10.882516 | L47: =VLOOKUP(J$6,'8. Uncertainty Results'!$B$390:$N$402,12,FALSE) -> 4.7443746 | M47: =VLOOKUP(J$6,'8. Uncertainty Results'!$B$460:$N$472,12,FALSE) -> -28.709827 | N47: =VLOOKUP(N$6,'8. Uncertainty Results'!$B$249:$N$261,12,FALSE) -> -11691.572 | O47: =VLOOKUP(N$6,'8. Uncertainty Results'!$B$319:$N$331,12,FALSE) -> -614.83005 | P47: =VLOOKUP(N$6,'8. Uncertainty Results'!$B$390:$N$402,12,FALSE) -> -597.85399 | Q47: =VLOOKUP(N$6,'8. Uncertainty Results'!$B$460:$N$472,12,FALSE) -> -623.88164 | R47: =VLOOKUP(R$6,'8. Uncertainty Results'!$B$249:$N$261,12,FALSE) -> -296.74916 | S47: =VLOOKUP(R$6,'8. Uncertainty Results'!$B$319:$N$331,12,FALSE) -> 25.850888 | T47: =VLOOKUP(R$6,'8. Uncertainty Results'!$B$390:$N$402,12,FALSE) -> 27.480553 | U47: =VLOOKUP(R$6,'8. Uncertainty Results'!$B$460:$N$472,12,FALSE) -> 24.037124 | V47: =VLOOKUP(V$6,'8. Uncertainty Results'!$B$249:$N$261,12,FALSE) -> -4668.9106 | W47: =VLOOKUP(V$6,'8. Uncertainty Results'!$B$319:$N$331,12,FALSE) -> -815.44291 | X47: =VLOOKUP(V$6,'8. Uncertainty Results'!$B$390:$N$402,12,FALSE) -> -721.51038 | Y47: =VLOOKUP(V$6,'8. Uncertainty Results'!$B$460:$N$472,12,FALSE) -> -922.26479 | Z47: =VLOOKUP(Z$6,'8. Uncertainty Results'!$B$249:$N$261,12,FALSE) -> -234.16832 | AA47: =VLOOKUP(Z$6,'8. Uncertainty Results'!$B$319:$N$331,12,FALSE) -> 11.545155 | AB47: =VLOOKUP(Z$6,'8. Uncertainty Results'!$B$390:$N$402,12,FALSE) -> 12.526628 | AC47: =VLOOKUP(Z$6,'8. Uncertainty Results'!$B$460:$N$472,12,FALSE) -> 10.352464 | AD47: =VLOOKUP(AD$6,'8. Uncertainty Results'!$B$249:$N$261,12,FALSE) -> 2956.1629 | AE47: =VLOOKUP(AD$6,'8. Uncertainty Results'!$B$319:$N$331,12,FALSE) -> 2872.5929 | AF47: =VLOOKUP(AD$6,'8. Uncertainty Results'!$B$390:$N$402,12,FALSE) -> 2888.5978 | AG47: =VLOOKUP(AD$6,'8. Uncertainty Results'!$B$460:$N$472,12,FALSE) -> 2852.3144 | AH47: =VLOOKUP(AH$6,'8. Uncertainty Results'!$B$249:$N$261,12,FALSE) -> -1005.1144 | AI47: =VLOOKUP(AH$6,'8. Uncertainty Results'!$B$319:$N$331,12,FALSE) -> -164.90143 | AJ47: =VLOOKUP(AH$6,'8. Uncertainty Results'!$B$390:$N$402,12,FALSE) -> -162.96961 | AK47: =VLOOKUP(AH$6,'8. Uncertainty Results'!$B$460:$N$472,12,FALSE) -> -166.05752 | AL47: =VLOOKUP(AL$6,'8. Uncertainty Results'!$B$249:$N$261,12,FALSE) -> 9671.2862 | AM47: =VLOOKUP(AL$6,'8. Uncertainty Results'!$B$319:$N$331,12,FALSE) -> 6745.1961 | AN47: =VLOOKUP(AL$6,'8. Uncertainty Results'!$B$390:$N$402,12,FALSE) -> 6745.9544 | AO47: =VLOOKUP(AL$6,'8. Uncertainty Results'!$B$460:$N$472,12,FALSE) -> 6744.5672 | AP47: =VLOOKUP(AP$6,'8. Uncertainty Results'!$B$249:$N$261,12,FALSE) -> 848.47634 | AQ47: =VLOOKUP(AP$6,'8. Uncertainty Results'!$B$319:$N$331,12,FALSE) -> 809.17929 | AR47: =VLOOKUP(AP$6,'8. Uncertainty Results'!$B$390:$N$402,12,FALSE) -> 813.27643 | AS47: =VLOOKUP(AP$6,'8. Uncertainty Results'!$B$460:$N$472,12,FALSE) -> 803.73235 | AT47: =VLOOKUP(AT$6,'8. Uncertainty Results'!$B$249:$N$261,12,FALSE) -> -193.82725 | AU47: =VLOOKUP(AT$6,'8. Uncertainty Results'!$B$319:$N$331,12,FALSE) -> 30.149779 | AV47: =VLOOKUP(AT$6,'8. Uncertainty Results'!$B$390:$N$402,12,FALSE) -> 32.96254 | AW47: =VLOOKUP(AT$6,'8. Uncertainty Results'!$B$460:$N$472,12,FALSE) -> 26.607584 | AX47: =VLOOKUP(AX$6,'8. Uncertainty Results'!$B$249:$N$261,12,FALSE) -> 819.96956 | AY47: =VLOOKUP(AX$6,'8. Uncertainty Results'!$B$319:$N$331,12,FALSE) -> 720.60735 | AZ47: =VLOOKUP(AX$6,'8. Uncertainty Results'!$B$390:$N$402,12,FALSE) -> 722.42844 | BA47: =VLOOKUP(AX$6,'8. Uncertainty Results'!$B$460:$N$472,12,FALSE) -> 718.38231
A48: p90 | B48: =VLOOKUP(B$6,'8. Uncertainty Results'!$B$249:$N$261,13,FALSE) -> -614.18325 | C48: =VLOOKUP(B$6,'8. Uncertainty Results'!$B$319:$N$331,13,FALSE) -> -19.187783 | D48: =VLOOKUP(B$6,'8. Uncertainty Results'!$B$390:$N$402,13,FALSE) -> -17.178778 | E48: =VLOOKUP(B$6,'8. Uncertainty Results'!$B$460:$N$472,13,FALSE) -> -21.365174 | F48: =VLOOKUP(F$6,'8. Uncertainty Results'!$B$249:$N$261,13,FALSE) -> -1538.2457 | G48: =VLOOKUP(F$6,'8. Uncertainty Results'!$B$319:$N$331,13,FALSE) -> -96.559452 | H48: =VLOOKUP(F$6,'8. Uncertainty Results'!$B$390:$N$402,13,FALSE) -> -78.240469 | I48: =VLOOKUP(F$6,'8. Uncertainty Results'!$B$460:$N$472,13,FALSE) -> -118.65761 | J48: =VLOOKUP(J$6,'8. Uncertainty Results'!$B$249:$N$261,13,FALSE) -> -1382.3901 | K48: =VLOOKUP(J$6,'8. Uncertainty Results'!$B$319:$N$331,13,FALSE) -> 43.036608 | L48: =VLOOKUP(J$6,'8. Uncertainty Results'!$B$390:$N$402,13,FALSE) -> 61.333632 | M48: =VLOOKUP(J$6,'8. Uncertainty Results'!$B$460:$N$472,13,FALSE) -> 20.372287 | N48: =VLOOKUP(N$6,'8. Uncertainty Results'!$B$249:$N$261,13,FALSE) -> -21408.402 | O48: =VLOOKUP(N$6,'8. Uncertainty Results'!$B$319:$N$331,13,FALSE) -> -1255.4228 | P48: =VLOOKUP(N$6,'8. Uncertainty Results'!$B$390:$N$402,13,FALSE) -> -1260.0841 | Q48: =VLOOKUP(N$6,'8. Uncertainty Results'!$B$460:$N$472,13,FALSE) -> -1292.9565 | R48: =VLOOKUP(R$6,'8. Uncertainty Results'!$B$249:$N$261,13,FALSE) -> -541.20958 | S48: =VLOOKUP(R$6,'8. Uncertainty Results'!$B$319:$N$331,13,FALSE) -> 55.217642 | T48: =VLOOKUP(R$6,'8. Uncertainty Results'!$B$390:$N$402,13,FALSE) -> 57.019479 | U48: =VLOOKUP(R$6,'8. Uncertainty Results'!$B$460:$N$472,13,FALSE) -> 53.09376 | V48: =VLOOKUP(V$6,'8. Uncertainty Results'!$B$249:$N$261,13,FALSE) -> -7772.9398 | W48: =VLOOKUP(V$6,'8. Uncertainty Results'!$B$319:$N$331,13,FALSE) -> -981.72345 | X48: =VLOOKUP(V$6,'8. Uncertainty Results'!$B$390:$N$402,13,FALSE) -> -881.72647 | Y48: =VLOOKUP(V$6,'8. Uncertainty Results'!$B$460:$N$472,13,FALSE) -> -1106.7739 | Z48: =VLOOKUP(Z$6,'8. Uncertainty Results'!$B$249:$N$261,13,FALSE) -> -444.69541 | AA48: =VLOOKUP(Z$6,'8. Uncertainty Results'!$B$319:$N$331,13,FALSE) -> 17.149827 | AB48: =VLOOKUP(Z$6,'8. Uncertainty Results'!$B$390:$N$402,13,FALSE) -> 18.48112 | AC48: =VLOOKUP(Z$6,'8. Uncertainty Results'!$B$460:$N$472,13,FALSE) -> 15.518357 | AD48: =VLOOKUP(AD$6,'8. Uncertainty Results'!$B$249:$N$261,13,FALSE) -> 4448.6128 | AE48: =VLOOKUP(AD$6,'8. Uncertainty Results'!$B$319:$N$331,13,FALSE) -> 3799.1545 | AF48: =VLOOKUP(AD$6,'8. Uncertainty Results'!$B$390:$N$402,13,FALSE) -> 3818.5371 | AG48: =VLOOKUP(AD$6,'8. Uncertainty Results'!$B$460:$N$472,13,FALSE) -> 3773.3093 | AH48: =VLOOKUP(AH$6,'8. Uncertainty Results'!$B$249:$N$261,13,FALSE) -> -1495.3028 | AI48: =VLOOKUP(AH$6,'8. Uncertainty Results'!$B$319:$N$331,13,FALSE) -> -169.38825 | AJ48: =VLOOKUP(AH$6,'8. Uncertainty Results'!$B$390:$N$402,13,FALSE) -> -169.60563 | AK48: =VLOOKUP(AH$6,'8. Uncertainty Results'!$B$460:$N$472,13,FALSE) -> -170.58479 | AL48: =VLOOKUP(AL$6,'8. Uncertainty Results'!$B$249:$N$261,13,FALSE) -> 14393.836 | AM48: =VLOOKUP(AL$6,'8. Uncertainty Results'!$B$319:$N$331,13,FALSE) -> 9334.407 | AN48: =VLOOKUP(AL$6,'8. Uncertainty Results'!$B$390:$N$402,13,FALSE) -> 9335.1484 | AO48: =VLOOKUP(AL$6,'8. Uncertainty Results'!$B$460:$N$472,13,FALSE) -> 9333.561 | AP48: =VLOOKUP(AP$6,'8. Uncertainty Results'!$B$249:$N$261,13,FALSE) -> 1287.3883 | AQ48: =VLOOKUP(AP$6,'8. Uncertainty Results'!$B$319:$N$331,13,FALSE) -> 1074.3994 | AR48: =VLOOKUP(AP$6,'8. Uncertainty Results'!$B$390:$N$402,13,FALSE) -> 1079.2968 | AS48: =VLOOKUP(AP$6,'8. Uncertainty Results'!$B$460:$N$472,13,FALSE) -> 1067.5928 | AT48: =VLOOKUP(AT$6,'8. Uncertainty Results'!$B$249:$N$261,13,FALSE) -> -364.5291 | AU48: =VLOOKUP(AT$6,'8. Uncertainty Results'!$B$319:$N$331,13,FALSE) -> 52.1495 | AV48: =VLOOKUP(AT$6,'8. Uncertainty Results'!$B$390:$N$402,13,FALSE) -> 55.580325 | AW48: =VLOOKUP(AT$6,'8. Uncertainty Results'!$B$460:$N$472,13,FALSE) -> 47.804441 | AX48: =VLOOKUP(AX$6,'8. Uncertainty Results'!$B$249:$N$261,13,FALSE) -> 1362.8716 | AY48: =VLOOKUP(AX$6,'8. Uncertainty Results'!$B$319:$N$331,13,FALSE) -> 1213.1331 | AZ48: =VLOOKUP(AX$6,'8. Uncertainty Results'!$B$390:$N$402,13,FALSE) -> 1215.2489 | BA48: =VLOOKUP(AX$6,'8. Uncertainty Results'!$B$460:$N$472,13,FALSE) -> 1210.4051
A50: By HUC8 watershed, based on increasing availability
B52: SS | F52: UQ | J52: BUR | N52: RSCV | R52: SBSV | V52: CSF | Z52: FLSSV | AD52: BS | AH52: BB | AL52: SFC | AP52: UB | AT52: UCKS
B53: SSP1 | C53: SSP2 | D53: SSP3 | E53: SSP5 | F53: SSP1 | G53: SSP2 | H53: SSP3 | I53: SSP5 | J53: SSP1 | K53: SSP2 | L53: SSP3 | M53: SSP5 | N53: SSP1 | O53: SSP2 | P53: SSP3 | Q53: SSP5 | R53: SSP1 | S53: SSP2 | T53: SSP3 | U53: SSP5 | V53: SSP1 | W53: SSP2 | X53: SSP3 | Y53: SSP5 | Z53: SSP1 | AA53: SSP2 | AB53: SSP3 | AC53: SSP5 | AD53: SSP1 | AE53: SSP2 | AF53: SSP3 | AG53: SSP5 | AH53: SSP1 | AI53: SSP2 | AJ53: SSP3 | AK53: SSP5 | AL53: SSP1 | AM53: SSP2 | AN53: SSP3 | AO53: SSP5 | AP53: SSP1 | AQ53: SSP2 | AR53: SSP3 | AS53: SSP5 | AT53: SSP1 | AU53: SSP2 | AV53: SSP3 | AW53: SSP5
A54: p10 | B54: {=N46:Q48} -> -5183.7001 | C54: -107.68808 | D54: -82.399214 | E54: -102.24251 | F54: {=AH46:AK48} -> -686.10817 | G54: -163.76863 | H54: -160.89636 | I54: -163.53818 | J54: {=F46:I48} -> -298.50321 | K54: -84.169979 | L54: -72.128541 | M54: -99.350947 | N54: {=B46:E48} -> -153.46172 | O54: -5.0238041 | P54: -3.7999946 | Q54: -6.7084378 | R54: {=Z46:AC48} -> -114.231 | S54: -2.560505 | T54: -1.6867344 | U54: -3.6427335 | V54: {=R46:U48} -> -139.84282 | W54: 7.8255951 | X54: 9.3729584 | Y54: 6.5263518 | Z54: {=AT46:AW48} -> -89.507057 | AA54: 16.487393 | AB54: 18.78304 | AC54: 13.914656 | AD54: {=J46:M48} -> -261.0535 | AE54: -47.323083 | AF54: -34.859246 | AG54: -61.521341 | AH54: {=AX46:BA48} -> 446.15803 | AI54: 386.04057 | AJ54: 387.45669 | AK54: 384.27585 | AL54: {=AP46:AS48} -> 548.11277 | AM54: 524.72401 | AN54: 528.15139 | AO54: 520.35515 | AP54: {=AD46:AG48} -> 1911.6563 | AQ54: 1813.0291 | AR54: 1825.6953 | AS54: 1797.3351 | AT54: {=AL46:AO48} -> 5645.7252 | AU54: 4124.0986 | AV54: 4124.8101 | AW54: 4123.6101
A55: p50 | B55: -11691.572 | C55: -614.83005 | D55: -597.85399 | E55: -623.88164 | F55: -1005.1144 | G55: -164.90143 | H55: -162.96961 | I55: -166.05752 | J55: -773.87717 | K55: -87.719703 | L55: -72.744238 | M55: -106.18606 | N55: -321.89829 | O55: -5.8366644 | P55: -4.3682132 | Q55: -7.7919413 | R55: -234.16832 | S55: 11.545155 | T55: 12.526628 | U55: 10.352464 | V55: -296.74916 | W55: 25.850888 | X55: 27.480553 | Y55: 24.037124 | Z55: -193.82725 | AA55: 30.149779 | AB55: 32.96254 | AC55: 26.607584 | AD55: -682.83949 | AE55: -10.882516 | AF55: 4.7443746 | AG55: -28.709827 | AH55: 819.96956 | AI55: 720.60735 | AJ55: 722.42844 | AK55: 718.38231 | AL55: 848.47634 | AM55: 809.17929 | AN55: 813.27643 | AO55: 803.73235 | AP55: 2956.1629 | AQ55: 2872.5929 | AR55: 2888.5978 | AS55: 2852.3144 | AT55: 9671.2862 | AU55: 6745.1961 | AV55: 6745.9544 | AW55: 6744.5672
A56: p90 | B56: -21408.402 | C56: -1255.4228 | D56: -1260.0841 | E56: -1292.9565 | F56: -1495.3028 | G56: -169.38825 | H56: -169.60563 | I56: -170.58479 | J56: -1538.2457 | K56: -96.559452 | L56: -78.240469 | M56: -118.65761 | N56: -614.18325 | O56: -19.187783 | P56: -17.178778 | Q56: -21.365174 | R56: -444.69541 | S56: 17.149827 | T56: 18.48112 | U56: 15.518357 | V56: -541.20958 | W56: 55.217642 | X56: 57.019479 | Y56: 53.09376 | Z56: -364.5291 | AA56: 52.1495 | AB56: 55.580325 | AC56: 47.804441 | AD56: -1382.3901 | AE56: 43.036608 | AF56: 61.333632 | AG56: 20.372287 | AH56: 1362.8716 | AI56: 1213.1331 | AJ56: 1215.2489 | AK56: 1210.4051 | AL56: 1287.3883 | AM56: 1074.3994 | AN56: 1079.2968 | AO56: 1067.5928 | AP56: 4448.6128 | AQ56: 3799.1545 | AR56: 3818.5371 | AS56: 3773.3093 | AT56: 14393.836 | AU56: 9334.407 | AV56: 9335.1484 | AW56: 9333.561
A59: Table S9D. MRI-CGCM3 Net Water Availability
A61: By HUC8 watershed, based on mine alphabetical order
B62: RSCV | F62: BUR | J62: BS | N62: SS | R62: CSF | V62: MOJ | Z62: SBSV | AD62: UB | AH62: UQ | AL62: UCKS | AP62: SFC | AT62: FLSSV | AX62: BB
B63: 16060011 | F63: 15030202 | J63: 15030201 | N63: 18100204 | R63: 16060013 | V63: 18090208 | Z63: 16060003 | AD63: 3050105 | AH63: 16040201 | AL63: 14030005 | AP63: 3050102 | AT63: 16060010 | AX63: 11140205
B64: RCP 4.5 SSP1 | C64: RCP 8.5 SSP2 | D64: RCP 8.5 SSP3 | E64: RCP 8.5 SSP5 | F64: RCP 4.5 SSP1 | G64: RCP 8.5 SSP2 | H64: RCP 8.5 SSP3 | I64: RCP 8.5 SSP5 | J64: RCP 4.5 SSP1 | K64: RCP 8.5 SSP2 | L64: RCP 8.5 SSP3 | M64: RCP 8.5 SSP5 | N64: RCP 4.5 SSP1 | O64: RCP 8.5 SSP2 | P64: RCP 8.5 SSP3 | Q64: RCP 8.5 SSP5 | R64: RCP 4.5 SSP1 | S64: RCP 8.5 SSP2 | T64: RCP 8.5 SSP3 | U64: RCP 8.5 SSP5 | V64: RCP 4.5 SSP1 | W64: RCP 8.5 SSP2 | X64: RCP 8.5 SSP3 | Y64: RCP 8.5 SSP5 | Z64: RCP 4.5 SSP1 | AA64: RCP 8.5 SSP2 | AB64: RCP 8.5 SSP3 | AC64: RCP 8.5 SSP5 | AD64: RCP 4.5 SSP1 | AE64: RCP 8.5 SSP2 | AF64: RCP 8.5 SSP3 | AG64: RCP 8.5 SSP5 | AH64: RCP 4.5 SSP1 | AI64: RCP 8.5 SSP2 | AJ64: RCP 8.5 SSP3 | AK64: RCP 8.5 SSP5 | AL64: RCP 4.5 SSP1 | AM64: RCP 8.5 SSP2 | AN64: RCP 8.5 SSP3 | AO64: RCP 8.5 SSP5 | AP64: RCP 4.5 SSP1 | AQ64: RCP 8.5 SSP2 | AR64: RCP 8.5 SSP3 | AS64: RCP 8.5 SSP5 | AT64: RCP 4.5 SSP1 | AU64: RCP 8.5 SSP2 | AV64: RCP 8.5 SSP3 | AW64: RCP 8.5 SSP5 | AX64: RCP 4.5 SSP1 | AY64: RCP 8.5 SSP2 | AZ64: RCP 8.5 SSP3 | BA64: RCP 8.5 SSP5
A65: p10 | B65: =VLOOKUP(B$6,'8. Uncertainty Results'!$B$262:$N$274,11,FALSE) -> -44.119841 | C65: =VLOOKUP(B$6,'8. Uncertainty Results'!$B$332:$N$344,11,FALSE) -> -53.676866 | D65: =VLOOKUP(B$6,'8. Uncertainty Results'!$B$403:$N$415,11,FALSE) -> -52.550204 | E65: =VLOOKUP(B$6,'8. Uncertainty Results'!$B$473:$N$485,11,FALSE) -> -55.129985 | F65: =VLOOKUP(F$6,'8. Uncertainty Results'!$B$262:$N$274,11,FALSE) -> -79.059811 | G65: =VLOOKUP(F$6,'8. Uncertainty Results'!$B$332:$N$344,11,FALSE) -> -82.107277 | H65: =VLOOKUP(F$6,'8. Uncertainty Results'!$B$403:$N$415,11,FALSE) -> -69.250319 | I65: =VLOOKUP(F$6,'8. Uncertainty Results'!$B$473:$N$485,11,FALSE) -> -95.054634 | J65: =VLOOKUP(J$6,'8. Uncertainty Results'!$B$262:$N$274,11,FALSE) -> -36.286693 | K65: =VLOOKUP(J$6,'8. Uncertainty Results'!$B$332:$N$344,11,FALSE) -> -36.000754 | L65: =VLOOKUP(J$6,'8. Uncertainty Results'!$B$403:$N$415,11,FALSE) -> -23.786955 | M65: =VLOOKUP(J$6,'8. Uncertainty Results'!$B$473:$N$485,11,FALSE) -> -50.263054 | N65: =VLOOKUP(N$6,'8. Uncertainty Results'!$B$262:$N$274,11,FALSE) -> -1226.5662 | O65: =VLOOKUP(N$6,'8. Uncertainty Results'!$B$332:$N$344,11,FALSE) -> -1623.0032 | P65: =VLOOKUP(N$6,'8. Uncertainty Results'!$B$403:$N$415,11,FALSE) -> -1605.4506 | Q65: =VLOOKUP(N$6,'8. Uncertainty Results'!$B$473:$N$485,11,FALSE) -> -1638.2808 | R65: =VLOOKUP(R$6,'8. Uncertainty Results'!$B$262:$N$274,11,FALSE) -> -34.442905 | S65: =VLOOKUP(R$6,'8. Uncertainty Results'!$B$332:$N$344,11,FALSE) -> -41.066258 | T65: =VLOOKUP(R$6,'8. Uncertainty Results'!$B$403:$N$415,11,FALSE) -> -40.487401 | U65: =VLOOKUP(R$6,'8. Uncertainty Results'!$B$473:$N$485,11,FALSE) -> -42.703688 | V65: =VLOOKUP(V$6,'8. Uncertainty Results'!$B$262:$N$274,11,FALSE) -> -1086.7051 | W65: =VLOOKUP(V$6,'8. Uncertainty Results'!$B$332:$N$344,11,FALSE) -> -1345.2104 | X65: =VLOOKUP(V$6,'8. Uncertainty Results'!$B$403:$N$415,11,FALSE) -> -1254.294 | Y65: =VLOOKUP(V$6,'8. Uncertainty Results'!$B$473:$N$485,11,FALSE) -> -1437.0083 | Z65: =VLOOKUP(Z$6,'8. Uncertainty Results'!$B$262:$N$274,11,FALSE) -> -31.36644 | AA65: =VLOOKUP(Z$6,'8. Uncertainty Results'!$B$332:$N$344,11,FALSE) -> -34.842635 | AB65: =VLOOKUP(Z$6,'8. Uncertainty Results'!$B$403:$N$415,11,FALSE) -> -33.840839 | AC65: =VLOOKUP(Z$6,'8. Uncertainty Results'!$B$473:$N$485,11,FALSE) -> -35.69475 | AD65: =VLOOKUP(AD$6,'8. Uncertainty Results'!$B$262:$N$274,11,FALSE) -> 2224.5423 | AE65: =VLOOKUP(AD$6,'8. Uncertainty Results'!$B$332:$N$344,11,FALSE) -> 2665.143 | AF65: =VLOOKUP(AD$6,'8. Uncertainty Results'!$B$403:$N$415,11,FALSE) -> 2678.2055 | AG65: =VLOOKUP(AD$6,'8. Uncertainty Results'!$B$473:$N$485,11,FALSE) -> 2649.8974 | AH65: =VLOOKUP(AH$6,'8. Uncertainty Results'!$B$262:$N$274,11,FALSE) -> -202.77457 | AI65: =VLOOKUP(AH$6,'8. Uncertainty Results'!$B$332:$N$344,11,FALSE) -> -443.76597 | AJ65: =VLOOKUP(AH$6,'8. Uncertainty Results'!$B$403:$N$415,11,FALSE) -> -446.68266 | AK65: =VLOOKUP(AH$6,'8. Uncertainty Results'!$B$473:$N$485,11,FALSE) -> -445.86117 | AL65: =VLOOKUP(AL$6,'8. Uncertainty Results'!$B$262:$N$274,11,FALSE) -> 7485.4544 | AM65: =VLOOKUP(AL$6,'8. Uncertainty Results'!$B$332:$N$344,11,FALSE) -> 9610.9026 | AN65: =VLOOKUP(AL$6,'8. Uncertainty Results'!$B$403:$N$415,11,FALSE) -> 9611.3819 | AO65: =VLOOKUP(AL$6,'8. Uncertainty Results'!$B$473:$N$485,11,FALSE) -> 9610.2222 | AP65: =VLOOKUP(AP$6,'8. Uncertainty Results'!$B$262:$N$274,11,FALSE) -> 574.3251 | AQ65: =VLOOKUP(AP$6,'8. Uncertainty Results'!$B$332:$N$344,11,FALSE) -> 703.12456 | AR65: =VLOOKUP(AP$6,'8. Uncertainty Results'!$B$403:$N$415,11,FALSE) -> 706.79549 | AS65: =VLOOKUP(AP$6,'8. Uncertainty Results'!$B$473:$N$485,11,FALSE) -> 698.86417 | AT65: =VLOOKUP(AT$6,'8. Uncertainty Results'!$B$262:$N$274,11,FALSE) -> -7.6641908 | AU65: =VLOOKUP(AT$6,'8. Uncertainty Results'!$B$332:$N$344,11,FALSE) -> -9.5358235 | AV65: =VLOOKUP(AT$6,'8. Uncertainty Results'!$B$403:$N$415,11,FALSE) -> -7.3922152 | AW65: =VLOOKUP(AT$6,'8. Uncertainty Results'!$B$473:$N$485,11,FALSE) -> -12.644522 | AX65: =VLOOKUP(AX$6,'8. Uncertainty Results'!$B$262:$N$274,11,FALSE) -> 536.34968 | AY65: =VLOOKUP(AX$6,'8. Uncertainty Results'!$B$332:$N$344,11,FALSE) -> 726.85775 | AZ65: =VLOOKUP(AX$6,'8. Uncertainty Results'!$B$403:$N$415,11,FALSE) -> 728.21354 | BA65: =VLOOKUP(AX$6,'8. Uncertainty Results'!$B$473:$N$485,11,FALSE) -> 725.36108
A66: p50 | B66: =VLOOKUP(B$6,'8. Uncertainty Results'!$B$262:$N$274,12,FALSE) -> -76.217237 | C66: =VLOOKUP(B$6,'8. Uncertainty Results'!$B$332:$N$344,12,FALSE) -> -66.997913 | D66: =VLOOKUP(B$6,'8. Uncertainty Results'!$B$403:$N$415,12,FALSE) -> -65.724522 | E66: =VLOOKUP(B$6,'8. Uncertainty Results'!$B$473:$N$4852,12,FALSE) -> -69.014138 | F66: =VLOOKUP(F$6,'8. Uncertainty Results'!$B$262:$N$274,12,FALSE) -> -62.104044 | G66: =VLOOKUP(F$6,'8. Uncertainty Results'!$B$332:$N$344,12,FALSE) -> -81.457616 | H66: =VLOOKUP(F$6,'8. Uncertainty Results'!$B$403:$N$415,12,FALSE) -> -66.256942 | I66: =VLOOKUP(F$6,'8. Uncertainty Results'!$B$473:$N$4852,12,FALSE) -> -99.567389 | J66: =VLOOKUP(J$6,'8. Uncertainty Results'!$B$262:$N$274,12,FALSE) -> 23.185627 | K66: =VLOOKUP(J$6,'8. Uncertainty Results'!$B$332:$N$344,12,FALSE) -> 20.060428 | L66: =VLOOKUP(J$6,'8. Uncertainty Results'!$B$403:$N$415,12,FALSE) -> 35.789246 | M66: =VLOOKUP(J$6,'8. Uncertainty Results'!$B$473:$N$4852,12,FALSE) -> 1.996701 | N66: =VLOOKUP(N$6,'8. Uncertainty Results'!$B$262:$N$274,12,FALSE) -> -2210.6463 | O66: =VLOOKUP(N$6,'8. Uncertainty Results'!$B$332:$N$344,12,FALSE) -> -2796.877 | P66: =VLOOKUP(N$6,'8. Uncertainty Results'!$B$403:$N$415,12,FALSE) -> -2772.9328 | Q66: =VLOOKUP(N$6,'8. Uncertainty Results'!$B$473:$N$4852,12,FALSE) -> -2785.649 | R66: =VLOOKUP(R$6,'8. Uncertainty Results'!$B$262:$N$274,12,FALSE) -> -50.321651 | S66: =VLOOKUP(R$6,'8. Uncertainty Results'!$B$332:$N$344,12,FALSE) -> -37.472471 | T66: =VLOOKUP(R$6,'8. Uncertainty Results'!$B$403:$N$415,12,FALSE) -> -35.985247 | U66: =VLOOKUP(R$6,'8. Uncertainty Results'!$B$473:$N$4852,12,FALSE) -> -39.177656 | V66: =VLOOKUP(V$6,'8. Uncertainty Results'!$B$262:$N$274,12,FALSE) -> -1385.8643 | W66: =VLOOKUP(V$6,'8. Uncertainty Results'!$B$332:$N$344,12,FALSE) -> -1931.5329 | X66: =VLOOKUP(V$6,'8. Uncertainty Results'!$B$403:$N$415,12,FALSE) -> -1828.5726 | Y66: =VLOOKUP(V$6,'8. Uncertainty Results'!$B$473:$N$4852,12,FALSE) -> -2030.906 | Z66: =VLOOKUP(Z$6,'8. Uncertainty Results'!$B$262:$N$274,12,FALSE) -> -42.821135 | AA66: =VLOOKUP(Z$6,'8. Uncertainty Results'!$B$332:$N$344,12,FALSE) -> -26.546224 | AB66: =VLOOKUP(Z$6,'8. Uncertainty Results'!$B$403:$N$415,12,FALSE) -> -25.197566 | AC66: =VLOOKUP(Z$6,'8. Uncertainty Results'!$B$473:$N$4852,12,FALSE) -> -27.77028 | AD66: =VLOOKUP(AD$6,'8. Uncertainty Results'!$B$262:$N$274,12,FALSE) -> 3107.6884 | AE66: =VLOOKUP(AD$6,'8. Uncertainty Results'!$B$332:$N$344,12,FALSE) -> 3447.0066 | AF66: =VLOOKUP(AD$6,'8. Uncertainty Results'!$B$403:$N$415,12,FALSE) -> 3463.123 | AG66: =VLOOKUP(AD$6,'8. Uncertainty Results'!$B$473:$N$4852,12,FALSE) -> 3426.7401 | AH66: =VLOOKUP(AH$6,'8. Uncertainty Results'!$B$262:$N$274,12,FALSE) -> -207.53035 | AI66: =VLOOKUP(AH$6,'8. Uncertainty Results'!$B$332:$N$344,12,FALSE) -> -534.36303 | AJ66: =VLOOKUP(AH$6,'8. Uncertainty Results'!$B$403:$N$415,12,FALSE) -> -534.92364 | AK66: =VLOOKUP(AH$6,'8. Uncertainty Results'!$B$473:$N$4852,12,FALSE) -> -536.50893 | AL66: =VLOOKUP(AL$6,'8. Uncertainty Results'!$B$262:$N$274,12,FALSE) -> 10552.564 | AM66: =VLOOKUP(AL$6,'8. Uncertainty Results'!$B$332:$N$344,12,FALSE) -> 14061.879 | AN66: =VLOOKUP(AL$6,'8. Uncertainty Results'!$B$403:$N$415,12,FALSE) -> 14062.484 | AO66: =VLOOKUP(AL$6,'8. Uncertainty Results'!$B$473:$N$4852,12,FALSE) -> 14061.168 | AP66: =VLOOKUP(AP$6,'8. Uncertainty Results'!$B$262:$N$274,12,FALSE) -> 824.78464 | AQ66: =VLOOKUP(AP$6,'8. Uncertainty Results'!$B$332:$N$344,12,FALSE) -> 941.59943 | AR66: =VLOOKUP(AP$6,'8. Uncertainty Results'!$B$403:$N$415,12,FALSE) -> 945.63373 | AS66: =VLOOKUP(AP$6,'8. Uncertainty Results'!$B$473:$N$4852,12,FALSE) -> 936.06621 | AT66: =VLOOKUP(AT$6,'8. Uncertainty Results'!$B$262:$N$274,12,FALSE) -> 4.2505277 | AU66: =VLOOKUP(AT$6,'8. Uncertainty Results'!$B$332:$N$344,12,FALSE) -> 1.0885119 | AV66: =VLOOKUP(AT$6,'8. Uncertainty Results'!$B$403:$N$415,12,FALSE) -> 3.7485927 | AW66: =VLOOKUP(AT$6,'8. Uncertainty Results'!$B$473:$N$4852,12,FALSE) -> -2.7978223 | AX66: =VLOOKUP(AX$6,'8. Uncertainty Results'!$B$262:$N$274,12,FALSE) -> 834.48858 | AY66: =VLOOKUP(AX$6,'8. Uncertainty Results'!$B$332:$N$344,12,FALSE) -> 1015.5158 | AZ66: =VLOOKUP(AX$6,'8. Uncertainty Results'!$B$403:$N$415,12,FALSE) -> 1017.0166 | BA66: =VLOOKUP(AX$6,'8. Uncertainty Results'!$B$473:$N$4852,12,FALSE) -> 1013.5875
